Date,HomeTeam,AwayTeam,FTHG,FTAG,FTR,HF,AF,HC,AC,HY,AY,HR,AR,Season
2018-08-18,Chievo Verona,Juventus,2,3,A,7,9,0,8,2,0,0,0,2018
2018-08-18,Lazio,Napoli,1,2,A,8,5,4,7,0,0,0,0,2018
2018-08-19,Bologna,SPAL,0,1,A,16,11,7,0,4,2,1,0,2018
2018-08-19,Empoli,Cagliari,2,0,H,19,19,6,6,3,3,0,0,2018
2018-08-19,Parma,Udinese,2,2,D,10,13,4,5,2,2,0,0,2018
2018-08-19,Sassuolo,Internazionale,1,0,H,23,11,4,4,3,2,0,0,2018
2018-08-19,Torino,AS Roma,0,1,A,10,14,6,5,1,3,0,0,2018
2018-08-20,Atalanta,Frosinone,4,0,H,14,10,4,4,0,2,0,0,2018
2018-08-25,Juventus,Lazio,2,0,H,12,13,6,2,3,2,0,0,2018
2018-08-25,Napoli,AC Milan,3,2,H,12,9,5,1,2,2,0,0,2018
2018-08-26,Cagliari,Sassuolo,2,2,D,14,14,7,2,4,4,0,1,2018
2018-08-26,Fiorentina,Chievo Verona,6,1,H,14,8,2,3,1,3,0,0,2018
2018-08-26,Frosinone,Bologna,0,0,D,15,12,2,5,2,1,0,0,2018
2018-08-26,Genoa,Empoli,2,1,H,14,15,3,6,3,2,0,0,2018
2018-08-26,Internazionale,Torino,2,2,D,16,12,5,4,1,2,0,0,2018
2018-08-26,SPAL,Parma,1,0,H,13,14,7,2,5,2,0,0,2018
2018-08-26,Udinese,Sampdoria,1,0,H,6,10,8,7,1,3,0,0,2018
2018-08-27,AS Roma,Atalanta,3,3,D,9,13,3,11,1,1,0,0,2018
2018-08-31,AC Milan,AS Roma,2,1,H,8,6,8,3,0,2,0,0,2018
2018-01-09,Bologna,Internazionale,0,3,A,7,10,3,7,1,1,0,0,2018
2018-01-09,Parma,Juventus,1,2,A,15,9,4,7,1,3,0,0,2018
2018-02-09,Atalanta,Cagliari,0,1,A,16,20,5,4,2,2,0,0,2018
2018-02-09,Chievo Verona,Empoli,0,0,D,10,11,4,6,1,1,0,0,2018
2018-02-09,Fiorentina,Udinese,1,0,H,10,15,11,4,3,1,0,0,2018
2018-02-09,Lazio,Frosinone,1,0,H,11,8,7,7,1,2,0,0,2018
2018-02-09,Sampdoria,Napoli,3,0,H,13,19,4,5,2,4,0,0,2018
2018-02-09,Sassuolo,Genoa,5,3,H,12,20,2,10,3,3,0,0,2018
2018-02-09,Torino,SPAL,1,0,H,16,16,9,10,1,2,0,0,2018
2018-09-15,Frosinone,Sampdoria,0,5,A,12,15,5,3,3,1,0,0,2018
2018-09-15,Internazionale,Parma,0,1,A,10,8,10,1,2,2,0,0,2018
2018-09-15,Napoli,Fiorentina,1,0,H,13,15,10,3,1,4,0,0,2018
2018-09-16,Cagliari,AC Milan,1,1,D,12,13,3,8,1,1,0,0,2018
2018-09-16,Empoli,Lazio,0,1,A,13,11,4,7,2,3,0,0,2018
2018-09-16,Genoa,Bologna,1,0,H,13,19,5,3,2,5,0,1,2018
2018-09-16,Juventus,Sassuolo,2,1,H,12,13,10,4,3,3,1,0,2018
2018-09-16,AS Roma,Chievo Verona,2,2,D,10,15,9,2,1,1,0,0,2018
2018-09-16,Udinese,Torino,1,1,D,16,14,3,8,2,2,0,0,2018
2018-09-17,SPAL,Atalanta,2,0,H,14,16,4,4,3,5,0,0,2018
2018-09-19,Sampdoria,Fiorentina,1,1,D,14,15,4,6,3,2,0,0,2018
2018-09-21,Sassuolo,Empoli,3,1,H,15,9,5,4,1,4,0,1,2018
2018-09-22,Fiorentina,SPAL,3,0,H,8,11,11,1,1,2,0,0,2018
2018-09-22,Parma,Cagliari,2,0,H,17,5,4,11,2,1,0,0,2018
2018-09-22,Sampdoria,Internazionale,0,1,A,12,14,3,12,3,2,0,0,2018
2018-09-23,Bologna,AS Roma,2,0,H,8,13,1,10,2,4,0,0,2018
2018-09-23,Chievo Verona,Udinese,0,2,A,18,10,7,3,1,1,0,0,2018
2018-09-23,Frosinone,Juventus,0,2,A,16,8,3,5,3,1,0,0,2018
2018-09-23,Lazio,Genoa,4,1,H,9,7,5,3,1,2,0,0,2018
2018-09-23,AC Milan,Atalanta,2,2,D,7,4,4,3,2,1,0,0,2018
2018-09-23,Torino,Napoli,1,3,A,14,17,4,6,2,3,0,0,2018
2018-09-25,Internazionale,Fiorentina,2,1,H,18,20,6,3,1,3,0,0,2018
2018-09-26,Atalanta,Torino,0,0,D,13,15,11,1,2,1,0,0,2018
2018-09-26,Cagliari,Sampdoria,0,0,D,16,22,7,3,1,3,0,0,2018
2018-09-26,Genoa,Chievo Verona,2,0,H,11,17,7,4,4,4,0,0,2018
2018-09-26,Juventus,Bologna,2,0,H,10,13,3,0,2,3,0,0,2018
2018-09-26,Napoli,Parma,3,0,H,9,13,2,2,0,3,0,0,2018
2018-09-26,AS Roma,Frosinone,4,0,H,13,8,4,3,0,1,0,0,2018
2018-09-26,Udinese,Lazio,1,2,A,7,17,6,4,2,6,0,0,2018
2018-09-27,Empoli,AC Milan,1,1,D,12,9,3,10,2,2,0,0,2018
2018-09-27,SPAL,Sassuolo,0,2,A,16,12,6,7,1,0,0,0,2018
2018-09-29,Internazionale,Cagliari,2,0,H,13,11,9,4,1,4,0,0,2018
2018-09-29,Juventus,Napoli,3,1,H,14,11,7,4,3,5,0,1,2018
2018-09-29,AS Roma,Lazio,3,1,H,11,10,8,9,3,1,0,0,2018
2018-09-30,Bologna,Udinese,2,1,H,7,12,3,4,2,4,0,0,2018
2018-09-30,Chievo Verona,Torino,0,1,A,15,17,3,8,3,3,0,0,2018
2018-09-30,Fiorentina,Atalanta,2,0,H,12,10,5,6,3,3,0,0,2018
2018-09-30,Frosinone,Genoa,1,2,A,21,18,5,2,3,2,0,0,2018
2018-09-30,Parma,Empoli,1,0,H,13,8,2,12,2,3,0,0,2018
2018-09-30,Sassuolo,AC Milan,1,4,A,14,11,9,5,1,1,0,0,2018
2018-01-10,Sampdoria,SPAL,2,1,H,13,18,6,5,3,3,0,0,2018
2018-05-10,Torino,Frosinone,3,2,H,16,17,2,4,3,3,0,0,2018
2018-06-10,Cagliari,Bologna,2,0,H,8,16,4,4,2,4,0,0,2018
2018-06-10,Empoli,AS Roma,0,2,A,13,10,4,3,2,1,0,0,2018
2018-06-10,Udinese,Juventus,0,2,A,14,13,4,8,3,1,0,0,2018
2018-07-10,Atalanta,Sampdoria,0,1,A,17,13,9,4,2,4,0,0,2018
2018-07-10,Genoa,Parma,1,3,A,9,9,9,7,1,1,0,0,2018
2018-07-10,Lazio,Fiorentina,1,0,H,18,10,5,6,5,3,0,0,2018
2018-07-10,AC Milan,Chievo Verona,3,1,H,9,12,12,7,1,1,0,0,2018
2018-07-10,Napoli,Sassuolo,2,0,H,11,8,4,4,2,2,0,1,2018
2018-07-10,SPAL,Internazionale,1,2,A,13,20,10,9,6,2,0,0,2018
2018-10-20,Juventus,Genoa,1,1,D,10,15,8,2,1,3,0,0,2018
2018-10-20,AS Roma,SPAL,0,2,A,14,5,8,9,3,5,0,1,2018
2018-10-20,Udinese,Napoli,0,3,A,11,9,3,5,3,4,0,0,2018
2018-10-21,Bologna,Torino,2,2,D,9,21,3,4,2,2,0,0,2018
2018-10-21,Chievo Verona,Atalanta,1,5,A,12,15,1,2,3,1,1,0,2018
2018-10-21,Fiorentina,Cagliari,1,1,D,13,19,6,7,0,2,0,0,2018
2018-10-21,Frosinone,Empoli,3,3,D,13,16,6,8,2,3,0,0,2018
2018-10-21,Internazionale,AC Milan,1,0,H,13,7,9,4,2,5,0,0,2018
2018-10-21,Parma,Lazio,0,2,A,5,11,2,8,2,3,0,0,2018
2018-10-22,Sampdoria,Sassuolo,0,0,D,10,18,4,3,2,3,0,0,2018
2018-10-27,Atalanta,Parma,3,0,H,6,8,6,6,0,2,0,0,2018
2018-10-27,Empoli,Juventus,1,2,A,13,17,6,10,2,3,0,0,2018
2018-10-27,Torino,Fiorentina,1,1,D,13,20,4,5,2,4,0,0,2018
2018-10-28,Cagliari,Chievo Verona,2,1,H,16,15,8,2,1,6,0,0,2018
2018-10-28,Genoa,Udinese,2,2,D,17,18,4,8,5,4,1,0,2018
2018-10-28,AC Milan,Sampdoria,3,2,H,11,9,5,1,3,2,0,0,2018
2018-10-28,Napoli,AS Roma,1,1,D,7,6,17,3,0,5,0,0,2018
2018-10-28,Sassuolo,Bologna,2,2,D,20,19,9,5,2,3,0,0,2018
2018-10-28,SPAL,Frosinone,0,3,A,15,11,9,1,3,6,0,0,2018
2018-10-29,Lazio,Internazionale,0,3,A,14,10,7,6,3,3,0,0,2018
2018-10-31,AC Milan,Genoa,2,1,H,11,17,7,2,2,2,0,0,2018
2018-02-11,Napoli,Empoli,5,1,H,8,7,0,7,0,2,0,0,2018
2018-03-11,Fiorentina,AS Roma,1,1,D,9,20,3,6,3,3,0,0,2018
2018-03-11,Internazionale,Genoa,5,0,H,7,15,11,6,2,3,0,0,2018
2018-03-11,Juventus,Cagliari,3,1,H,10,15,5,4,1,3,0,0,2018
2018-04-11,Bologna,Atalanta,1,2,A,7,12,1,4,1,2,0,0,2018
2018-04-11,Chievo Verona,Sassuolo,0,2,A,20,16,3,2,5,2,1,0,2018
2018-04-11,Lazio,SPAL,4,1,H,7,8,8,4,1,3,0,0,2018
2018-04-11,Parma,Frosinone,0,0,D,14,15,3,7,1,4,1,0,2018
2018-04-11,Sampdoria,Torino,1,4,A,13,25,0,2,2,2,0,0,2018
2018-04-11,Udinese,AC Milan,0,1,A,11,13,4,7,3,3,1,0,2018
2018-09-11,Frosinone,Fiorentina,1,1,D,8,12,4,5,3,0,0,0,2018
2018-10-11,Genoa,Napoli,1,2,A,15,6,2,7,4,2,0,0,2018
2018-10-11,SPAL,Cagliari,2,2,D,13,15,1,6,2,4,0,0,2018
2018-10-11,Torino,Parma,1,2,A,14,17,7,7,2,4,0,0,2018
2018-11-11,Atalanta,Internazionale,4,1,H,11,13,9,6,3,5,0,1,2018
2018-11-11,Chievo Verona,Bologna,2,2,D,15,18,5,6,3,3,0,0,2018
2018-11-11,Empoli,Udinese,2,1,H,6,11,4,13,2,2,0,0,2018
2018-11-11,AC Milan,Juventus,0,2,A,16,9,2,5,3,1,1,0,2018
2018-11-11,AS Roma,Sampdoria,4,1,H,8,10,7,7,1,1,0,0,2018
2018-11-11,Sassuolo,Lazio,1,1,D,15,21,2,6,4,3,0,0,2018
2018-11-24,Internazionale,Frosinone,3,0,H,11,11,11,0,1,3,0,0,2018
2018-11-24,Juventus,SPAL,2,0,H,20,11,6,3,1,3,0,0,2018
2018-11-24,Udinese,AS Roma,1,0,H,6,10,0,12,2,0,0,0,2018
2018-11-25,Bologna,Fiorentina,0,0,D,11,21,4,9,3,1,0,0,2018
2018-11-25,Empoli,Atalanta,3,2,H,12,9,7,3,2,2,0,1,2018
2018-11-25,Genoa,Sampdoria,1,1,D,17,15,7,6,2,1,0,0,2018
2018-11-25,Lazio,AC Milan,1,1,D,10,4,9,4,1,1,0,0,2018
2018-11-25,Napoli,Chievo Verona,0,0,D,11,13,20,2,2,2,0,0,2018
2018-11-25,Parma,Sassuolo,2,1,H,14,14,2,3,3,4,0,0,2018
2018-11-26,Cagliari,Torino,0,0,D,12,13,3,4,2,0,0,0,2018
2018-01-12,Fiorentina,Juventus,0,3,A,14,8,4,9,6,3,0,0,2018
2018-01-12,Sampdoria,Bologna,4,1,H,14,10,1,4,3,3,0,0,2018
2018-01-12,SPAL,Empoli,2,2,D,14,14,4,9,3,3,1,0,2018
2018-02-12,Chievo Verona,Lazio,1,1,D,11,11,4,6,4,2,0,0,2018
2018-02-12,Frosinone,Cagliari,1,1,D,13,15,5,1,1,7,0,1,2018
2018-02-12,AC Milan,Parma,2,1,H,9,15,8,8,2,2,0,0,2018
2018-02-12,AS Roma,Internazionale,2,2,D,11,13,4,7,1,1,0,0,2018
2018-02-12,Sassuolo,Udinese,0,0,D,13,16,13,2,3,2,0,0,2018
2018-02-12,Torino,Genoa,2,1,H,14,20,5,5,3,4,0,1,2018
2018-03-12,Atalanta,Napoli,1,2,A,8,7,12,6,1,2,0,0,2018
2018-07-12,Juventus,Internazionale,1,0,H,13,16,10,8,2,2,0,0,2018
2018-08-12,Cagliari,AS Roma,2,2,D,17,12,7,5,3,1,2,0,2018
2018-08-12,Lazio,Sampdoria,2,2,D,13,11,10,6,3,6,0,1,2018
2018-08-12,Napoli,Frosinone,4,0,H,6,10,9,3,1,2,0,0,2018
2018-09-12,Empoli,Bologna,2,1,H,6,8,4,8,2,2,0,0,2018
2018-09-12,Genoa,SPAL,1,1,D,9,10,1,6,1,5,1,0,2018
2018-09-12,AC Milan,Torino,0,0,D,10,16,11,3,2,3,0,0,2018
2018-09-12,Parma,Chievo Verona,1,1,D,17,18,8,2,4,4,0,1,2018
2018-09-12,Sassuolo,Fiorentina,3,3,D,12,12,6,10,4,5,1,1,2018
2018-09-12,Udinese,Atalanta,1,3,A,17,6,2,7,1,1,0,0,2018
2018-12-15,Internazionale,Udinese,1,0,H,11,8,10,0,3,1,0,0,2018
2018-12-15,Torino,Juventus,0,1,A,17,13,7,5,2,4,0,0,2018
2018-12-16,Cagliari,Napoli,0,1,A,15,9,2,10,2,2,0,0,2018
2018-12-16,Fiorentina,Empoli,3,1,H,20,18,2,3,2,1,0,0,2018
2018-12-16,Frosinone,Sassuolo,0,2,A,18,10,6,5,3,2,0,0,2018
2018-12-16,AS Roma,Genoa,3,2,H,10,15,6,4,2,2,0,0,2018
2018-12-16,Sampdoria,Parma,2,0,H,10,7,8,4,2,1,0,0,2018
2018-12-16,SPAL,Chievo Verona,0,0,D,14,18,6,4,2,4,0,0,2018
2018-12-17,Atalanta,Lazio,1,0,H,10,17,7,7,2,4,0,0,2018
2018-12-18,Bologna,AC Milan,0,0,D,12,12,2,1,2,5,0,1,2018
2018-12-22,Chievo Verona,Internazionale,1,1,D,10,10,5,7,3,2,0,0,2018
2018-12-22,Empoli,Sampdoria,2,4,A,14,9,8,5,3,4,0,0,2018
2018-12-22,Genoa,Atalanta,3,1,H,13,13,9,6,3,2,0,2,2018
2018-12-22,Juventus,AS Roma,1,0,H,9,12,13,2,0,3,0,0,2018
2018-12-22,Lazio,Cagliari,3,1,H,16,9,7,5,2,1,0,0,2018
2018-12-22,AC Milan,Fiorentina,0,1,A,10,18,9,7,3,4,0,0,2018
2018-12-22,Napoli,SPAL,1,0,H,13,8,3,5,2,2,0,0,2018
2018-12-22,Parma,Bologna,0,0,D,8,9,4,2,3,3,0,0,2018
2018-12-22,Sassuolo,Torino,1,1,D,12,15,12,2,2,3,0,0,2018
2018-12-22,Udinese,Frosinone,1,1,D,11,16,2,5,2,4,0,0,2018
2018-12-26,Atalanta,Juventus,2,2,D,17,16,5,5,4,4,0,1,2018
2018-12-26,Bologna,Lazio,0,2,A,15,18,1,7,2,0,0,0,2018
2018-12-26,Cagliari,Genoa,1,0,H,8,9,4,4,3,3,0,0,2018
2018-12-26,Fiorentina,Parma,0,1,A,15,15,9,2,4,4,1,0,2018
2018-12-26,Frosinone,AC Milan,0,0,D,10,12,3,6,2,1,0,0,2018
2018-12-26,Internazionale,Napoli,1,0,H,12,8,5,0,3,4,0,2,2018
2018-12-26,AS Roma,Sassuolo,3,1,H,15,16,8,5,1,1,0,0,2018
2018-12-26,Sampdoria,Chievo Verona,2,0,H,22,19,4,1,2,1,0,0,2018
2018-12-26,SPAL,Udinese,0,0,D,10,14,7,2,1,2,0,0,2018
2018-12-26,Torino,Empoli,3,0,H,9,9,5,1,1,3,0,1,2018
2018-12-29,Chievo Verona,Frosinone,1,0,H,16,20,4,2,4,6,0,1,2018
2018-12-29,Empoli,Internazionale,0,1,A,14,4,4,6,1,1,0,0,2018
2018-12-29,Genoa,Fiorentina,0,0,D,21,8,7,3,2,1,0,0,2018
2018-12-29,Juventus,Sampdoria,2,1,H,13,16,6,3,2,2,0,0,2018
2018-12-29,Lazio,Torino,1,1,D,20,22,7,3,4,4,1,1,2018
2018-12-29,AC Milan,SPAL,2,1,H,15,10,11,2,4,2,1,0,2018
2018-12-29,Napoli,Bologna,3,2,H,14,10,6,5,2,2,0,0,2018
2018-12-29,Parma,AS Roma,0,2,A,7,11,2,7,1,1,0,0,2018
2018-12-29,Sassuolo,Atalanta,2,6,A,10,10,1,8,1,2,0,0,2018
2018-12-29,Udinese,Cagliari,2,0,H,11,15,6,6,3,2,1,1,2018
2019-01-19,Internazionale,Sassuolo,0,0,D,16,16,11,0,1,3,0,0,2018
2019-01-19,AS Roma,Torino,3,2,H,17,17,6,3,2,3,0,0,2018
2019-01-19,Udinese,Parma,1,2,A,17,15,8,2,3,1,0,0,2018
2019-01-20,Cagliari,Empoli,2,2,D,11,10,4,7,0,0,0,0,2018
2019-01-20,Fiorentina,Sampdoria,3,3,D,15,22,4,7,6,4,1,0,2018
2019-01-20,Frosinone,Atalanta,0,5,A,12,11,4,8,2,0,0,0,2018
2019-01-20,Napoli,Lazio,2,1,H,6,12,7,8,1,5,0,1,2018
2019-01-20,SPAL,Bologna,1,1,D,13,18,7,7,2,3,0,0,2018
2019-01-21,Genoa,AC Milan,0,2,A,14,17,5,6,3,3,0,0,2018
2019-01-21,Juventus,Chievo Verona,3,0,H,10,7,12,5,1,2,0,0,2018
2019-01-26,AC Milan,Napoli,0,0,D,7,11,6,8,1,3,0,1,2018
2019-01-26,Sampdoria,Udinese,4,0,H,14,13,1,1,2,4,0,0,2018
2019-01-26,Sassuolo,Cagliari,3,0,H,14,17,4,12,1,1,0,0,2018
2019-01-27,Atalanta,AS Roma,3,3,D,7,13,9,2,0,3,0,0,2018
2019-01-27,Bologna,Frosinone,0,4,A,15,13,9,2,3,4,1,0,2018
2019-01-27,Chievo Verona,Fiorentina,3,4,A,19,18,7,5,3,1,0,1,2018
2019-01-27,Lazio,Juventus,1,2,A,11,13,8,1,2,5,0,0,2018
2019-01-27,Parma,SPAL,2,3,A,9,13,1,10,2,4,0,0,2018
2019-01-27,Torino,Internazionale,1,0,H,19,12,6,7,3,3,0,1,2018
2019-01-28,Empoli,Genoa,1,3,A,8,7,1,3,1,2,0,0,2018
2019-02-02,Empoli,Chievo Verona,2,2,D,9,12,10,6,0,2,0,0,2018
2019-02-02,Juventus,Parma,3,3,D,6,11,12,4,1,2,0,0,2018
2019-02-02,Napoli,Sampdoria,3,0,H,4,12,5,3,0,3,0,0,2018
2019-03-02,Genoa,Sassuolo,1,1,D,11,15,4,6,1,3,0,0,2018
2019-03-02,Internazionale,Bologna,0,1,A,13,17,6,7,1,2,0,0,2018
2019-03-02,AS Roma,AC Milan,1,1,D,15,9,10,2,3,4,0,0,2018
2019-03-02,SPAL,Torino,0,0,D,24,27,11,6,5,5,0,1,2018
2019-03-02,Udinese,Fiorentina,1,1,D,13,14,1,10,3,3,0,0,2018
2019-04-02,Cagliari,Atalanta,0,1,A,18,11,2,4,0,2,0,0,2018
2019-04-02,Frosinone,Lazio,0,1,A,8,14,2,2,1,5,0,0,2018
2019-07-02,Lazio,Empoli,1,0,H,13,8,3,2,1,1,0,0,2018
2019-08-02,Chievo Verona,AS Roma,0,3,A,6,9,7,7,1,2,0,0,2018
2019-09-02,Fiorentina,Napoli,0,0,D,9,17,5,5,2,4,0,0,2018
2019-09-02,Parma,Internazionale,0,1,A,17,12,2,10,2,2,0,0,2018
2019-10-02,Atalanta,SPAL,2,1,H,14,12,9,4,1,3,0,0,2018
2019-10-02,Bologna,Genoa,1,1,D,17,13,13,3,2,2,0,0,2018
2019-10-02,AC Milan,Cagliari,3,0,H,12,11,2,5,0,1,0,0,2018
2019-10-02,Sampdoria,Frosinone,0,1,A,10,21,9,2,3,3,0,0,2018
2019-10-02,Sassuolo,Juventus,0,3,A,17,8,8,4,0,0,0,0,2018
2019-10-02,Torino,Udinese,1,0,H,21,21,9,2,2,4,0,1,2018
2019-02-15,Juventus,Frosinone,3,0,H,13,19,5,7,2,3,0,0,2018
2019-02-16,Atalanta,AC Milan,1,3,A,10,9,5,2,1,2,0,0,2018
2019-02-16,Cagliari,Parma,2,1,H,21,11,1,4,5,1,1,0,2018
2019-02-17,Empoli,Sassuolo,3,0,H,11,10,3,3,1,3,0,0,2018
2019-02-17,Genoa,Lazio,2,1,H,12,12,7,3,3,2,0,0,2018
2019-02-17,Internazionale,Sampdoria,2,1,H,10,11,9,5,3,1,0,0,2018
2019-02-17,Napoli,Torino,0,0,D,18,13,15,4,5,3,0,0,2018
2019-02-17,SPAL,Fiorentina,1,4,A,14,14,3,10,3,4,0,0,2018
2019-02-17,Udinese,Chievo Verona,1,0,H,11,21,6,4,5,4,0,0,2018
2019-02-18,AS Roma,Bologna,2,1,H,15,15,9,7,3,4,0,0,2018
2019-02-22,AC Milan,Empoli,3,0,H,13,9,6,2,1,1,0,0,2018
2019-02-23,Frosinone,AS Roma,2,3,A,18,11,4,8,2,2,0,0,2018
2019-02-23,Torino,Atalanta,2,0,H,17,18,4,4,2,1,0,0,2018
2019-02-24,Bologna,Juventus,0,1,A,12,17,4,5,2,2,0,0,2018
2019-02-24,Chievo Verona,Genoa,0,0,D,20,22,4,6,2,3,0,0,2018
2019-02-24,Fiorentina,Internazionale,3,3,D,13,15,9,6,2,4,0,0,2018
2019-02-24,Parma,Napoli,0,4,A,13,7,5,2,2,1,0,0,2018
2019-02-24,Sampdoria,Cagliari,1,0,H,9,17,3,5,1,2,0,0,2018
2019-02-24,Sassuolo,SPAL,1,1,D,18,14,3,5,4,1,1,0,2018
2019-01-03,Cagliari,Internazionale,2,1,H,12,8,1,5,5,3,0,0,2018
2019-02-03,Empoli,Parma,3,3,D,10,17,8,2,1,3,0,0,2018
2019-02-03,Lazio,AS Roma,3,0,H,13,15,5,7,4,5,0,1,2018
2019-02-03,AC Milan,Sassuolo,1,0,H,20,9,6,6,3,0,0,1,2018
2019-03-03,Atalanta,Fiorentina,3,1,H,9,16,8,5,4,2,0,0,2018
2019-03-03,Genoa,Frosinone,0,0,D,15,16,8,2,2,4,0,1,2018
2019-03-03,Napoli,Juventus,1,2,A,10,14,12,4,3,6,1,1,2018
2019-03-03,SPAL,Sampdoria,1,2,A,10,14,5,4,2,3,1,0,2018
2019-03-03,Torino,Chievo Verona,3,0,H,10,18,7,4,1,4,0,0,2018
2019-03-03,Udinese,Bologna,2,1,H,21,20,6,6,3,3,0,0,2018
2019-08-03,Juventus,Udinese,4,1,H,7,9,5,0,0,3,0,0,2018
2019-09-03,Chievo Verona,AC Milan,1,2,A,20,13,4,1,3,1,0,0,2018
2019-09-03,Parma,Genoa,1,0,H,12,12,4,5,2,1,0,0,2018
2019-10-03,Bologna,Cagliari,2,0,H,16,21,8,3,0,0,0,0,2018
2019-10-03,Fiorentina,Lazio,1,1,D,8,14,4,7,3,1,0,0,2018
2019-10-03,Frosinone,Torino,1,2,A,14,21,3,3,2,4,0,0,2018
2019-10-03,Internazionale,SPAL,2,0,H,17,17,4,7,3,5,0,0,2018
2019-10-03,Sampdoria,Atalanta,1,2,A,13,10,4,7,2,2,0,0,2018
2019-10-03,Sassuolo,Napoli,1,1,D,11,10,3,5,3,2,0,0,2018
2019-11-03,AS Roma,Empoli,2,1,H,12,9,5,3,4,1,1,0,2018
2019-03-15,Cagliari,Fiorentina,2,1,H,22,13,4,4,3,2,0,0,2018
2019-03-16,Sassuolo,Sampdoria,3,5,A,9,12,6,5,1,1,0,0,2018
2019-03-16,SPAL,AS Roma,2,1,H,12,19,3,5,4,5,0,0,2018
2019-03-16,Torino,Bologna,2,3,A,15,16,4,5,5,4,1,1,2018
2019-03-17,Atalanta,Chievo Verona,1,1,D,12,24,10,1,0,0,0,0,2018
2019-03-17,Empoli,Frosinone,2,1,H,16,15,2,2,4,2,0,0,2018
2019-03-17,Genoa,Juventus,2,0,H,12,11,6,6,2,3,0,0,2018
2019-03-17,Lazio,Parma,4,1,H,10,10,6,5,0,2,0,0,2018
2019-03-17,AC Milan,Internazionale,2,3,A,19,11,7,4,4,3,0,0,2018
2019-03-17,Napoli,Udinese,4,2,H,4,7,5,2,1,1,0,0,2018
2019-03-29,Chievo Verona,Cagliari,0,3,A,13,15,5,5,6,3,1,0,2018
2019-03-30,Juventus,Empoli,1,0,H,16,11,5,4,0,0,0,0,2018
2019-03-30,Sampdoria,AC Milan,1,0,H,12,9,5,10,1,4,0,0,2018
2019-03-30,Udinese,Genoa,2,0,H,10,18,3,5,3,4,0,0,2018
2019-03-31,Bologna,Sassuolo,2,1,H,17,18,9,4,2,3,0,0,2018
2019-03-31,Fiorentina,Torino,1,1,D,15,8,7,5,0,2,0,0,2018
2019-03-31,Frosinone,SPAL,0,1,A,19,14,8,3,3,3,0,0,2018
2019-03-31,Internazionale,Lazio,0,1,A,11,13,12,3,0,0,0,0,2018
2019-03-31,Parma,Atalanta,1,3,A,13,10,4,6,1,1,0,0,2018
2019-03-31,AS Roma,Napoli,1,4,A,14,14,4,7,4,2,0,0,2018
2019-02-04,Cagliari,Juventus,0,2,A,17,10,3,5,3,2,0,0,2018
2019-02-04,AC Milan,Udinese,1,1,D,13,11,7,5,0,0,0,0,2018
2019-03-04,Empoli,Napoli,2,1,H,13,5,8,2,2,2,0,0,2018
2019-03-04,Frosinone,Parma,3,2,H,14,19,3,3,3,4,0,0,2018
2019-03-04,Genoa,Internazionale,0,4,A,9,12,1,6,2,1,1,0,2018
2019-03-04,AS Roma,Fiorentina,2,2,D,15,15,4,6,3,4,0,0,2018
2019-03-04,SPAL,Lazio,1,0,H,10,17,2,7,2,5,0,0,2018
2019-03-04,Torino,Sampdoria,2,1,H,13,12,6,3,3,3,0,0,2018
2019-04-04,Atalanta,Bologna,4,1,H,11,13,5,4,2,3,0,0,2018
2019-04-04,Sassuolo,Chievo Verona,4,0,H,14,17,5,4,1,1,0,0,2018
2019-06-04,Juventus,AC Milan,2,1,H,21,15,5,8,2,2,0,0,2018
2019-06-04,Parma,Torino,0,0,D,20,21,3,4,4,5,0,0,2018
2019-06-04,Sampdoria,AS Roma,0,1,A,12,11,8,3,2,2,0,0,2018
2019-07-04,Cagliari,SPAL,2,1,H,19,4,9,4,4,3,0,0,2018
2019-07-04,Fiorentina,Frosinone,0,1,A,19,16,10,7,1,4,0,0,2018
2019-07-04,Internazionale,Atalanta,0,0,D,10,13,8,4,1,2,0,0,2018
2019-07-04,Lazio,Sassuolo,2,2,D,14,8,11,1,2,1,0,0,2018
2019-07-04,Napoli,Genoa,1,1,D,11,10,11,6,2,0,0,1,2018
2019-07-04,Udinese,Empoli,3,2,H,8,9,6,6,4,4,1,0,2018
2019-08-04,Bologna,Chievo Verona,3,0,H,10,22,6,3,1,8,0,1,2018
2019-04-13,AC Milan,Lazio,1,0,H,13,16,11,4,1,2,0,0,2018
2019-04-13,AS Roma,Udinese,1,0,H,11,13,7,6,2,3,0,0,2018
2019-04-13,SPAL,Juventus,2,1,H,15,14,5,4,5,2,0,0,2018
2019-04-14,Chievo Verona,Napoli,1,3,A,9,10,3,7,0,0,0,0,2018
2019-04-14,Fiorentina,Bologna,0,0,D,17,11,10,5,2,3,0,0,2018
2019-04-14,Frosinone,Internazionale,1,3,A,19,17,1,3,3,1,0,0,2018
2019-04-14,Sampdoria,Genoa,2,0,H,15,22,3,8,2,5,0,1,2018
2019-04-14,Sassuolo,Parma,0,0,D,7,11,7,3,3,2,0,0,2018
2019-04-14,Torino,Cagliari,1,1,D,12,20,6,6,2,7,1,2,2018
2019-04-15,Atalanta,Empoli,0,0,D,7,11,9,3,1,3,0,0,2018
2019-04-17,Lazio,Udinese,2,0,H,13,16,4,5,2,0,0,0,2018
2019-04-20,Bologna,Sampdoria,3,0,H,19,12,3,4,2,4,0,0,2018
2019-04-20,Cagliari,Frosinone,1,0,H,19,16,5,6,3,1,1,0,2018
2019-04-20,Empoli,SPAL,2,4,A,15,15,3,6,3,5,0,0,2018
2019-04-20,Genoa,Torino,0,1,A,21,24,3,2,4,4,0,0,2018
2019-04-20,Internazionale,AS Roma,1,1,D,7,13,7,4,1,2,0,0,2018
2019-04-20,Juventus,Fiorentina,2,1,H,13,8,10,7,0,1,0,0,2018
2019-04-20,Lazio,Chievo Verona,1,2,A,8,21,13,2,0,4,2,0,2018
2019-04-20,Parma,AC Milan,1,1,D,14,13,8,4,0,1,0,0,2018
2019-04-20,Udinese,Sassuolo,1,1,D,17,14,6,5,3,2,0,0,2018
2019-04-22,Napoli,Atalanta,1,2,A,15,10,3,3,3,1,0,0,2018
2019-04-27,Bologna,Empoli,3,1,H,13,15,13,5,3,2,0,0,2018
2019-04-27,Internazionale,Juventus,1,1,D,12,12,10,4,1,3,0,0,2018
2019-04-27,AS Roma,Cagliari,3,0,H,6,7,5,5,1,2,0,0,2018
2019-04-28,Chievo Verona,Parma,1,1,D,15,17,2,4,3,3,0,0,2018
2019-04-28,Frosinone,Napoli,0,2,A,25,16,2,6,3,1,0,0,2018
2019-04-28,Sampdoria,Lazio,1,2,A,13,11,1,4,6,3,1,0,2018
2019-04-28,SPAL,Genoa,1,1,D,14,15,2,4,3,3,0,0,2018
2019-04-28,Torino,AC Milan,2,0,H,19,23,4,9,2,6,0,1,2018
2019-04-29,Atalanta,Udinese,2,0,H,7,13,9,5,0,2,0,0,2018
2019-04-29,Fiorentina,Sassuolo,0,1,A,16,7,7,8,3,1,0,0,2018
2019-03-05,Juventus,Torino,1,1,D,11,9,7,3,3,3,0,0,2018
2019-04-05,Chievo Verona,SPAL,0,4,A,13,12,1,5,3,0,0,0,2018
2019-04-05,Udinese,Internazionale,0,0,D,19,11,2,9,1,3,0,0,2018
2019-05-05,Empoli,Fiorentina,1,0,H,15,17,4,7,3,1,0,1,2018
2019-05-05,Genoa,AS Roma,1,1,D,14,11,4,7,1,2,0,0,2018
2019-05-05,Lazio,Atalanta,1,3,A,15,11,2,5,4,3,0,0,2018
2019-05-05,Napoli,Cagliari,2,1,H,11,12,6,2,2,3,0,1,2018
2019-05-05,Parma,Sampdoria,3,3,D,14,7,2,2,4,3,1,1,2018
2019-05-05,Sassuolo,Frosinone,2,2,D,14,19,8,1,2,3,0,0,2018
2019-06-05,AC Milan,Bologna,2,1,H,9,20,5,10,3,5,1,2,2018
2019-11-05,Atalanta,Genoa,2,1,H,14,21,0,4,1,3,0,0,2018
2019-11-05,Cagliari,Lazio,1,2,A,11,13,4,2,2,4,0,0,2018
2019-11-05,Fiorentina,AC Milan,0,1,A,15,8,5,6,2,1,0,0,2018
2019-12-05,Frosinone,Udinese,1,3,A,15,17,14,10,2,3,0,0,2018
2019-12-05,AS Roma,Juventus,2,0,H,8,7,3,3,3,1,0,0,2018
2019-12-05,Sampdoria,Empoli,1,2,A,10,15,8,2,2,1,0,0,2018
2019-12-05,SPAL,Napoli,1,2,A,11,20,1,12,2,1,0,0,2018
2019-12-05,Torino,Sassuolo,3,2,H,15,17,11,1,1,5,0,1,2018
2019-05-13,Bologna,Parma,4,1,H,9,15,13,3,1,6,0,1,2018
2019-05-13,Internazionale,Chievo Verona,2,0,H,10,17,17,0,2,3,0,1,2018
2019-05-18,Genoa,Cagliari,1,1,D,13,21,11,3,2,1,1,0,2018
2019-05-18,Sassuolo,AS Roma,0,0,D,10,10,5,5,2,4,0,0,2018
2019-05-18,Udinese,SPAL,3,2,H,17,13,8,6,4,4,0,0,2018
2019-05-19,Chievo Verona,Sampdoria,0,0,D,13,9,4,7,3,0,1,0,2018
2019-05-19,Empoli,Torino,4,1,H,12,19,7,3,1,1,0,0,2018
2019-05-19,Juventus,Atalanta,1,1,D,15,14,5,8,3,1,1,0,2018
2019-05-19,AC Milan,Frosinone,2,0,H,13,7,5,7,1,0,0,0,2018
2019-05-19,Napoli,Internazionale,4,1,H,8,10,3,12,3,1,0,0,2018
2019-05-19,Parma,Fiorentina,1,0,H,15,22,3,7,0,1,0,0,2018
2019-05-20,Lazio,Bologna,3,3,D,11,11,4,6,2,1,0,0,2018
2019-05-25,Bologna,Napoli,3,2,H,11,8,5,8,0,1,0,0,2018
2019-05-25,Frosinone,Chievo Verona,0,0,D,15,18,8,2,2,2,0,0,2018
2019-05-26,Atalanta,Sassuolo,3,1,H,10,15,7,4,2,4,0,2,2018
2019-05-26,Cagliari,Udinese,1,2,A,17,12,12,3,2,2,0,0,2018
2019-05-26,Fiorentina,Genoa,0,0,D,12,9,4,1,1,2,0,0,2018
2019-05-26,Internazionale,Empoli,2,1,H,11,9,8,2,4,2,1,1,2018
2019-05-26,AS Roma,Parma,2,1,H,13,8,13,8,2,1,0,0,2018
2019-05-26,Sampdoria,Juventus,2,0,H,6,12,7,6,0,2,0,0,2018
2019-05-26,SPAL,AC Milan,2,3,A,17,13,8,4,2,2,0,0,2018
2019-05-26,Torino,Lazio,3,1,H,9,10,5,5,0,1,0,0,2018
2019-08-24,Parma,Juventus,0,1,A,12,14,5,8,2,3,0,0,2019
2019-08-24,Fiorentina,Napoli,3,4,A,21,16,4,5,2,4,0,0,2019
2019-08-25,Udinese,AC Milan,1,0,H,14,11,9,4,1,3,0,0,2019
2019-08-25,Cagliari,Brescia,0,1,A,10,11,8,8,2,2,0,0,2019
2019-08-25,AS Roma,Genoa,3,3,D,15,13,5,1,3,1,0,0,2019
2019-08-25,Sampdoria,Lazio,0,3,A,13,11,5,9,2,2,0,0,2019
2019-08-25,SPAL,Atalanta,2,3,A,13,16,2,10,2,1,0,0,2019
2019-08-25,Torino,Sassuolo,2,1,H,21,15,6,6,4,3,0,0,2019
2019-08-25,Hellas Verona,Bologna,1,1,D,12,13,1,6,1,3,1,0,2019
2019-08-26,Internazionale,Lecce,4,0,H,14,8,7,7,1,2,0,1,2019
2019-08-30,Bologna,SPAL,1,0,H,13,13,11,2,3,2,0,0,2019
2019-08-31,AC Milan,Brescia,1,0,H,14,18,5,3,3,4,0,0,2019
2019-08-31,Juventus,Napoli,4,3,H,13,13,2,5,3,3,0,0,2019
2019-01-09,Lazio,AS Roma,1,1,D,15,13,8,4,4,3,0,0,2019
2019-01-09,Atalanta,Torino,2,3,A,13,15,12,5,2,2,0,0,2019
2019-01-09,Cagliari,Internazionale,1,2,A,12,11,5,5,5,3,0,0,2019
2019-01-09,Genoa,Fiorentina,2,1,H,17,15,9,8,2,0,0,0,2019
2019-01-09,Lecce,Hellas Verona,0,1,A,14,14,2,7,2,3,0,0,2019
2019-01-09,Sassuolo,Sampdoria,4,1,H,9,10,3,5,1,3,0,1,2019
2019-01-09,Udinese,Parma,1,3,A,11,11,8,1,1,3,0,0,2019
2019-09-14,Fiorentina,Juventus,0,0,D,12,18,10,0,3,3,0,0,2019
2019-09-14,Napoli,Sampdoria,2,0,H,7,10,8,7,2,2,0,0,2019
2019-09-14,Internazionale,Udinese,1,0,H,9,10,8,3,2,1,0,1,2019
2019-09-15,Genoa,Atalanta,1,2,A,12,14,8,7,3,3,0,0,2019
2019-09-15,Brescia,Bologna,3,4,A,14,17,2,10,2,6,1,0,2019
2019-09-15,Parma,Cagliari,1,3,A,12,16,12,3,0,5,0,0,2019
2019-09-15,SPAL,Lazio,2,1,H,9,11,8,5,5,3,0,0,2019
2019-09-15,AS Roma,Sassuolo,4,2,H,13,9,8,2,1,2,0,0,2019
2019-09-15,Hellas Verona,AC Milan,0,1,A,13,16,2,7,4,3,1,1,2019
2019-09-16,Torino,Lecce,1,2,A,11,19,7,3,1,6,0,0,2019
2019-09-20,Cagliari,Genoa,3,1,H,12,8,4,3,1,1,0,0,2019
2019-09-21,Udinese,Brescia,0,1,A,22,16,3,9,4,4,0,0,2019
2019-09-21,Juventus,Hellas Verona,2,1,H,12,20,2,5,0,4,0,1,2019
2019-09-21,AC Milan,Internazionale,0,2,A,15,22,2,6,2,1,0,0,2019
2019-09-22,Sassuolo,SPAL,3,0,H,19,14,7,9,3,2,0,0,2019
2019-09-22,Bologna,AS Roma,1,2,A,13,16,3,4,3,6,0,1,2019
2019-09-22,Lecce,Napoli,1,4,A,12,9,4,6,3,3,0,0,2019
2019-09-22,Sampdoria,Torino,1,0,H,19,13,7,8,2,1,0,0,2019
2019-09-22,Atalanta,Fiorentina,2,2,D,14,11,9,1,2,5,0,0,2019
2019-09-22,Lazio,Parma,2,0,H,7,9,10,5,1,3,0,0,2019
2019-09-24,Hellas Verona,Udinese,0,0,D,7,18,6,6,0,4,0,0,2019
2019-09-24,Brescia,Juventus,1,2,A,11,14,4,3,1,3,0,0,2019
2019-09-25,AS Roma,Atalanta,0,2,A,18,11,5,1,2,1,0,0,2019
2019-09-25,Fiorentina,Sampdoria,2,1,H,11,16,3,1,4,5,0,1,2019
2019-09-25,Genoa,Bologna,0,0,D,16,11,5,4,5,4,0,0,2019
2019-09-25,Internazionale,Lazio,1,0,H,10,8,4,6,2,3,0,0,2019
2019-09-25,Napoli,Cagliari,0,1,A,9,13,13,1,1,1,1,0,2019
2019-09-25,Parma,Sassuolo,1,0,H,19,9,5,4,3,1,0,0,2019
2019-09-25,SPAL,Lecce,1,3,A,13,11,10,1,1,2,0,0,2019
2019-09-26,Torino,AC Milan,2,1,H,15,20,3,5,4,5,0,1,2019
2019-09-28,Juventus,SPAL,2,0,H,13,9,13,2,2,2,0,0,2019
2019-09-28,Sampdoria,Internazionale,1,3,A,11,13,7,5,2,4,0,1,2019
2019-09-28,Sassuolo,Atalanta,1,4,A,14,14,7,3,2,2,0,0,2019
2019-09-29,Napoli,Brescia,2,1,H,11,8,7,7,2,1,0,0,2019
2019-09-29,Lazio,Genoa,4,0,H,8,11,5,7,1,2,0,0,2019
2019-09-29,Lecce,AS Roma,0,1,A,7,19,4,11,2,4,0,0,2019
2019-09-29,Udinese,Bologna,1,0,H,20,16,4,5,4,3,0,1,2019
2019-09-29,Cagliari,Hellas Verona,1,1,D,18,18,3,5,2,2,0,0,2019
2019-09-29,AC Milan,Fiorentina,1,3,A,10,14,4,6,2,4,1,0,2019
2019-09-30,Parma,Torino,3,2,H,17,15,7,3,2,3,0,1,2019
2019-05-10,SPAL,Parma,1,0,H,9,13,5,8,5,2,1,0,2019
2019-05-10,Hellas Verona,Sampdoria,2,0,H,14,14,9,4,1,3,0,0,2019
2019-05-10,Genoa,AC Milan,1,2,A,23,14,7,0,4,4,2,2,2019
2019-06-10,Fiorentina,Udinese,1,0,H,9,11,12,3,1,2,0,0,2019
2019-06-10,Atalanta,Lecce,3,1,H,15,14,9,5,2,3,0,0,2019
2019-06-10,Bologna,Lazio,2,2,D,13,17,5,4,5,4,1,1,2019
2019-06-10,AS Roma,Cagliari,1,1,D,17,11,7,1,1,4,0,0,2019
2019-06-10,Torino,Napoli,0,0,D,11,12,4,5,1,2,0,0,2019
2019-06-10,Internazionale,Juventus,1,2,A,22,8,7,2,2,3,0,0,2019
2019-10-19,Lazio,Atalanta,3,3,D,13,12,3,1,5,2,0,0,2019
2019-10-19,Napoli,Hellas Verona,2,0,H,12,16,6,8,3,3,0,0,2019
2019-10-19,Juventus,Bologna,2,1,H,15,18,8,5,2,3,0,0,2019
2019-10-20,Sassuolo,Internazionale,3,4,A,14,17,5,7,4,3,0,0,2019
2019-10-20,Cagliari,SPAL,2,0,H,16,15,6,6,4,5,0,0,2019
2019-10-20,Sampdoria,AS Roma,0,0,D,14,11,7,9,3,4,0,1,2019
2019-10-20,Udinese,Torino,1,0,H,15,20,6,4,3,3,0,0,2019
2019-10-20,Parma,Genoa,5,1,H,9,12,3,7,1,2,0,0,2019
2019-10-20,AC Milan,Lecce,2,2,D,13,12,8,2,1,2,0,0,2019
2019-10-21,Brescia,Fiorentina,0,0,D,10,16,6,9,0,3,0,0,2019
2019-10-25,Hellas Verona,Sassuolo,0,1,A,18,13,9,6,5,5,0,0,2019
2019-10-26,Lecce,Juventus,1,1,D,11,13,3,14,4,1,0,0,2019
2019-10-26,Internazionale,Parma,2,2,D,9,11,11,4,3,2,0,0,2019
2019-10-26,Genoa,Brescia,3,1,H,24,14,5,3,6,4,0,0,2019
2019-10-27,Bologna,Sampdoria,2,1,H,14,18,11,5,1,3,0,0,2019
2019-10-27,Atalanta,Udinese,7,1,H,10,5,6,2,2,3,0,1,2019
2019-10-27,SPAL,Napoli,1,1,D,16,14,4,4,4,1,0,0,2019
2019-10-27,Torino,Cagliari,1,1,D,15,11,6,11,2,3,0,0,2019
2019-10-27,AS Roma,AC Milan,2,1,H,12,17,4,8,4,5,0,0,2019
2019-10-27,Fiorentina,Lazio,1,2,A,12,13,7,3,5,3,1,0,2019
2019-10-29,Parma,Hellas Verona,0,1,A,13,16,12,3,1,5,0,0,2019
2019-10-29,Brescia,Internazionale,1,2,A,14,18,9,8,4,3,0,0,2019
2019-10-30,Napoli,Atalanta,2,2,D,16,14,2,3,3,3,0,0,2019
2019-10-30,Cagliari,Bologna,3,2,H,15,20,4,1,2,1,0,0,2019
2019-10-30,Juventus,Genoa,2,1,H,24,11,10,2,5,3,1,2,2019
2019-10-30,Lazio,Torino,4,0,H,11,9,8,0,2,2,0,1,2019
2019-10-30,Sampdoria,Lecce,1,1,D,19,14,9,5,4,4,0,1,2019
2019-10-30,Sassuolo,Fiorentina,1,2,A,15,20,3,7,3,4,0,0,2019
2019-10-30,Udinese,AS Roma,0,4,A,16,16,5,3,4,2,0,1,2019
2019-10-31,AC Milan,SPAL,1,0,H,17,21,7,6,4,4,0,0,2019
2019-02-11,AS Roma,Napoli,2,1,H,23,14,10,4,5,3,1,0,2019
2019-02-11,Bologna,Internazionale,1,2,A,12,24,2,7,3,4,0,0,2019
2019-02-11,Torino,Juventus,0,1,A,22,16,11,6,4,2,0,0,2019
2019-03-11,Atalanta,Cagliari,0,2,A,15,18,13,2,2,3,1,0,2019
2019-03-11,Genoa,Udinese,1,3,A,11,13,8,5,0,2,0,0,2019
2019-03-11,Lecce,Sassuolo,2,2,D,14,16,6,6,2,3,0,0,2019
2019-03-11,Hellas Verona,Brescia,2,1,H,17,17,5,1,1,4,0,1,2019
2019-03-11,Fiorentina,Parma,1,1,D,15,20,5,2,2,2,0,0,2019
2019-03-11,AC Milan,Lazio,1,2,A,12,13,8,4,3,5,0,0,2019
2019-04-11,SPAL,Sampdoria,0,1,A,12,16,8,5,3,1,0,0,2019
2019-08-11,Sassuolo,Bologna,3,1,H,16,17,4,4,2,6,0,0,2019
2019-09-11,Brescia,Torino,0,4,A,18,17,4,4,5,3,1,0,2019
2019-09-11,Internazionale,Hellas Verona,2,1,H,14,11,9,3,3,1,0,0,2019
2019-09-11,Napoli,Genoa,0,0,D,15,19,5,2,1,4,0,0,2019
2019-10-11,Cagliari,Fiorentina,5,2,H,12,15,5,6,1,3,0,0,2019
2019-10-11,Lazio,Lecce,4,2,H,8,10,9,3,2,3,0,0,2019
2019-10-11,Sampdoria,Atalanta,0,0,D,19,13,1,7,2,4,0,1,2019
2019-10-11,Udinese,SPAL,0,0,D,14,14,3,7,3,5,0,0,2019
2019-10-11,Parma,AS Roma,2,0,H,16,9,5,10,3,2,0,0,2019
2019-10-11,Juventus,AC Milan,1,0,H,13,10,5,5,1,5,0,0,2019
2019-11-23,Atalanta,Juventus,1,3,A,17,13,8,3,5,3,0,0,2019
2019-11-23,AC Milan,Napoli,1,1,D,19,15,3,4,3,2,0,0,2019
2019-11-23,Torino,Internazionale,0,3,A,10,18,12,4,2,3,0,0,2019
2019-11-24,Bologna,Parma,2,2,D,18,18,15,2,1,3,0,0,2019
2019-11-24,AS Roma,Brescia,3,0,H,17,10,17,6,1,1,0,0,2019
2019-11-24,Sassuolo,Lazio,1,2,A,14,14,5,8,1,3,0,0,2019
2019-11-24,Hellas Verona,Fiorentina,1,0,H,18,8,8,6,3,2,0,0,2019
2019-11-24,Sampdoria,Udinese,2,1,H,8,22,8,2,2,3,0,1,2019
2019-11-25,Lecce,Cagliari,2,2,D,13,19,11,2,2,2,1,2,2019
2019-11-25,SPAL,Genoa,1,1,D,12,13,5,4,2,1,0,0,2019
2019-11-30,Brescia,Atalanta,0,3,A,15,15,2,11,1,3,0,0,2019
2019-11-30,Genoa,Torino,0,1,A,15,18,6,4,2,3,0,1,2019
2019-11-30,Fiorentina,Lecce,0,1,A,13,21,9,2,1,3,0,0,2019
2019-01-12,Juventus,Sassuolo,2,2,D,11,13,9,2,1,5,0,0,2019
2019-01-12,Internazionale,SPAL,2,1,H,15,17,8,0,1,4,0,0,2019
2019-01-12,Lazio,Udinese,3,0,H,9,12,2,2,0,1,0,0,2019
2019-01-12,Parma,AC Milan,0,1,A,13,15,1,7,1,3,0,0,2019
2019-01-12,Napoli,Bologna,1,2,A,12,10,7,0,1,5,0,0,2019
2019-01-12,Hellas Verona,AS Roma,1,3,A,11,14,6,5,3,3,0,0,2019
2019-02-12,Cagliari,Sampdoria,4,3,H,15,12,6,4,3,1,0,0,2019
2019-06-12,Internazionale,AS Roma,0,0,D,12,11,8,3,3,1,0,0,2019
2019-07-12,Atalanta,Hellas Verona,3,2,H,14,16,13,4,1,5,0,1,2019
2019-07-12,Udinese,Napoli,1,1,D,20,15,3,10,3,4,0,1,2019
2019-07-12,Lazio,Juventus,3,1,H,14,10,4,5,4,3,0,1,2019
2019-08-12,Lecce,Genoa,2,2,D,17,18,11,3,5,6,0,2,2019
2019-08-12,Sassuolo,Cagliari,2,2,D,10,19,8,4,3,4,0,0,2019
2019-08-12,SPAL,Brescia,0,1,A,17,18,3,1,3,3,0,0,2019
2019-08-12,Torino,Fiorentina,2,1,H,19,17,3,9,4,3,0,0,2019
2019-08-12,Sampdoria,Parma,0,1,A,15,12,3,2,3,2,0,0,2019
2019-08-12,Bologna,AC Milan,2,3,A,17,19,5,1,4,2,0,0,2019
2019-12-14,Brescia,Lecce,3,0,H,17,26,4,6,4,6,0,0,2019
2019-12-14,Napoli,Parma,1,2,A,9,12,11,1,2,2,0,0,2019
2019-12-14,Genoa,Sampdoria,0,1,A,16,26,4,2,5,3,0,0,2019
2019-12-15,Hellas Verona,Torino,3,3,D,20,19,6,3,3,1,0,0,2019
2019-12-15,Bologna,Atalanta,2,1,H,14,18,4,4,5,1,1,0,2019
2019-12-15,Juventus,Udinese,3,1,H,10,4,9,8,2,1,0,0,2019
2019-12-15,AC Milan,Sassuolo,0,0,D,14,16,8,3,5,4,0,0,2019
2019-12-15,AS Roma,SPAL,3,1,H,10,17,8,3,1,3,0,0,2019
2019-12-15,Fiorentina,Internazionale,1,1,D,15,17,5,1,3,4,0,0,2019
2019-12-16,Cagliari,Lazio,1,2,A,11,11,2,9,4,3,0,0,2019
2019-12-18,Sampdoria,Juventus,1,2,A,7,17,5,5,5,2,1,0,2019
2019-12-18,Brescia,Sassuolo,0,2,A,16,17,4,4,2,3,0,0,2019
2019-12-20,Fiorentina,AS Roma,1,4,A,20,16,5,4,4,3,0,0,2019
2019-12-21,Udinese,Cagliari,2,1,H,13,14,2,1,3,4,0,1,2019
2019-12-21,Internazionale,Genoa,4,0,H,11,12,6,3,1,4,0,0,2019
2019-12-21,Torino,SPAL,1,2,A,24,16,10,3,5,5,1,0,2019
2019-12-22,Atalanta,AC Milan,5,0,H,7,12,5,2,2,4,0,0,2019
2019-12-22,Lecce,Bologna,2,3,A,17,18,6,2,3,3,0,0,2019
2019-12-22,Parma,Brescia,1,1,D,16,10,9,5,3,2,0,0,2019
2019-12-22,Sassuolo,Napoli,1,2,A,16,13,7,11,2,2,0,0,2019
2020-05-01,Brescia,Lazio,1,2,A,12,24,2,5,5,4,1,0,2019
2020-05-01,SPAL,Hellas Verona,0,2,A,8,15,3,4,1,1,1,0,2019
2020-05-01,Genoa,Sassuolo,2,1,H,23,14,1,6,4,6,0,0,2019
2020-05-01,AS Roma,Torino,0,2,A,10,21,14,3,5,2,0,0,2019
2020-06-01,Bologna,Fiorentina,1,1,D,14,23,14,2,2,4,0,0,2019
2020-06-01,Atalanta,Parma,5,0,H,12,13,2,2,2,4,0,0,2019
2020-06-01,Juventus,Cagliari,4,0,H,9,15,3,2,1,1,0,0,2019
2020-06-01,AC Milan,Sampdoria,0,0,D,12,20,7,5,1,5,0,0,2019
2020-06-01,Lecce,Udinese,0,1,A,17,11,7,8,1,1,0,0,2019
2020-06-01,Napoli,Internazionale,1,3,A,10,22,3,4,0,6,0,0,2019
2020-11-01,Cagliari,AC Milan,0,2,A,14,13,3,6,3,1,0,0,2019
2020-11-01,Lazio,Napoli,1,0,H,9,7,6,6,2,2,0,0,2019
2020-11-01,Internazionale,Atalanta,1,1,D,21,13,0,4,3,4,0,0,2019
2020-12-01,Udinese,Sassuolo,3,0,H,13,13,6,11,0,0,0,0,2019
2020-12-01,Fiorentina,SPAL,1,0,H,18,10,3,4,1,1,0,0,2019
2020-12-01,Sampdoria,Brescia,5,1,H,14,7,4,2,2,3,0,0,2019
2020-12-01,Torino,Bologna,1,0,H,16,14,3,9,6,3,0,0,2019
2020-12-01,Hellas Verona,Genoa,2,1,H,14,22,4,2,3,6,0,0,2019
2020-12-01,AS Roma,Juventus,1,2,A,12,13,13,2,6,3,0,0,2019
2020-01-13,Parma,Lecce,2,0,H,19,10,6,5,4,2,0,0,2019
2020-01-18,Lazio,Sampdoria,5,1,H,12,13,6,4,1,2,0,1,2019
2020-01-18,Sassuolo,Torino,2,1,H,13,15,13,6,2,4,0,0,2019
2020-01-18,Napoli,Fiorentina,0,2,A,7,10,4,5,2,2,0,0,2019
2020-01-19,AC Milan,Udinese,3,2,H,17,8,9,3,5,1,0,0,2019
2020-01-19,Bologna,Hellas Verona,1,1,D,20,16,3,8,6,2,1,0,2019
2020-01-19,Brescia,Cagliari,2,2,D,10,18,2,7,4,4,1,0,2019
2020-01-19,Lecce,Internazionale,1,1,D,11,9,3,14,2,2,0,0,2019
2020-01-19,Genoa,AS Roma,1,3,A,12,13,7,3,2,3,0,0,2019
2020-01-19,Juventus,Parma,2,1,H,12,10,10,6,0,1,0,0,2019
2020-01-20,Atalanta,SPAL,1,2,A,15,17,8,4,2,3,0,0,2019
2020-01-24,Brescia,AC Milan,0,1,A,12,15,7,3,2,4,0,0,2019
2020-01-25,SPAL,Bologna,1,3,A,16,15,5,9,4,3,0,0,2019
2020-01-25,Fiorentina,Genoa,0,0,D,18,21,7,6,4,3,0,0,2019
2020-01-25,Torino,Atalanta,0,7,A,17,12,4,12,3,2,2,0,2019
2020-01-26,Internazionale,Cagliari,1,1,D,10,10,4,6,4,1,2,0,2019
2020-01-26,Parma,Udinese,2,0,H,12,9,5,11,2,3,0,0,2019
2020-01-26,Sampdoria,Sassuolo,0,0,D,16,9,6,3,4,1,0,1,2019
2020-01-26,Hellas Verona,Lecce,3,0,H,16,11,5,0,2,3,0,1,2019
2020-01-26,AS Roma,Lazio,1,1,D,11,12,7,1,3,4,0,0,2019
2020-01-26,Napoli,Juventus,2,1,H,14,14,3,2,2,5,0,0,2019
2020-01-02,Bologna,Brescia,2,1,H,17,14,6,3,3,2,0,0,2019
2020-01-02,Cagliari,Parma,2,2,D,12,15,8,7,3,2,0,0,2019
2020-01-02,Sassuolo,AS Roma,4,2,H,6,19,5,11,1,7,0,1,2019
2020-02-02,Juventus,Fiorentina,3,0,H,9,13,10,5,1,4,0,0,2019
2020-02-02,Atalanta,Genoa,2,2,D,19,19,7,1,2,6,0,1,2019
2020-02-02,Lazio,SPAL,5,1,H,9,7,5,2,1,2,0,0,2019
2020-02-02,AC Milan,Hellas Verona,1,1,D,11,12,9,3,1,4,0,1,2019
2020-02-02,Lecce,Torino,4,0,H,14,23,5,3,3,3,0,0,2019
2020-02-02,Udinese,Internazionale,0,2,A,10,16,3,2,2,2,0,0,2019
2020-03-02,Sampdoria,Napoli,2,4,A,17,6,4,6,4,3,0,0,2019
2020-05-02,Lazio,Hellas Verona,0,0,D,12,15,6,7,3,2,0,0,2019
2020-07-02,AS Roma,Bologna,2,3,A,11,16,6,6,2,4,1,0,2019
2020-08-02,Fiorentina,Atalanta,1,2,A,20,13,4,3,2,2,0,0,2019
2020-08-02,Torino,Sampdoria,1,3,A,16,19,2,3,3,5,1,0,2019
2020-08-02,Hellas Verona,Juventus,2,1,H,11,18,3,4,2,3,0,0,2019
2020-09-02,SPAL,Sassuolo,1,2,A,16,16,1,6,2,4,0,0,2019
2020-09-02,Brescia,Udinese,1,1,D,8,17,4,9,0,3,0,0,2019
2020-09-02,Genoa,Cagliari,1,0,H,15,15,5,3,3,6,0,0,2019
2020-09-02,Napoli,Lecce,2,3,A,14,10,10,4,5,3,0,0,2019
2020-09-02,Parma,Lazio,0,1,A,13,10,7,6,4,3,0,0,2019
2020-09-02,Internazionale,AC Milan,4,2,H,6,13,7,6,4,2,0,0,2019
2020-02-15,Lecce,SPAL,2,1,H,13,23,4,8,5,3,0,0,2019
2020-02-15,Bologna,Genoa,0,3,A,19,13,4,4,3,5,2,0,2019
2020-02-15,Atalanta,AS Roma,2,1,H,11,15,5,2,1,5,0,0,2019
2020-02-16,Udinese,Hellas Verona,0,0,D,13,17,9,6,1,2,0,0,2019
2020-02-16,Juventus,Brescia,2,0,H,12,8,16,2,3,2,0,1,2019
2020-02-16,Sampdoria,Fiorentina,1,5,A,13,13,7,3,5,4,1,1,2019
2020-02-16,Sassuolo,Parma,0,1,A,14,19,5,3,5,4,0,0,2019
2020-02-16,Cagliari,Napoli,0,1,A,14,11,2,3,3,1,0,0,2019
2020-02-16,Lazio,Internazionale,2,1,H,13,15,6,6,5,2,0,0,2019
2020-02-17,AC Milan,Torino,1,0,H,16,11,9,5,3,3,0,0,2019
2020-02-21,Brescia,Napoli,1,2,A,16,14,4,4,3,3,0,0,2019
2020-02-22,Bologna,Udinese,1,1,D,13,12,7,5,1,2,0,0,2019
2020-02-22,SPAL,Juventus,1,2,A,25,15,3,4,4,2,0,0,2019
2020-02-22,Fiorentina,AC Milan,1,1,D,11,15,4,3,1,3,1,0,2019
2020-02-23,Genoa,Lazio,2,3,A,12,13,6,1,2,2,0,0,2019
2020-02-23,AS Roma,Lecce,4,0,H,9,6,6,4,1,0,0,0,2019
2020-02-29,Lazio,Bologna,2,0,H,9,12,7,5,1,4,0,0,2019
2020-02-29,Napoli,Torino,2,1,H,12,13,7,1,1,3,0,0,2019
2020-01-03,Lecce,Atalanta,2,7,A,9,12,2,11,2,2,0,0,2019
2020-01-03,Cagliari,AS Roma,3,4,A,14,13,2,7,4,5,0,0,2019
2020-08-03,Parma,SPAL,0,1,A,19,22,4,5,2,2,0,0,2019
2020-08-03,AC Milan,Genoa,1,2,A,14,12,7,5,0,0,0,1,2019
2020-08-03,Sampdoria,Hellas Verona,2,1,H,14,23,2,6,4,3,0,0,2019
2020-08-03,Udinese,Fiorentina,0,0,D,8,5,6,9,2,0,0,0,2019
2020-08-03,Juventus,Internazionale,2,0,H,8,18,5,4,1,3,0,1,2019
2020-09-03,Sassuolo,Brescia,3,0,H,15,9,5,4,3,3,0,0,2019
2020-06-20,Torino,Parma,1,1,D,16,17,5,2,1,2,0,0,2019
2020-06-20,Hellas Verona,Cagliari,2,1,H,4,19,1,7,1,6,1,1,2019
2020-06-21,Atalanta,Sassuolo,4,1,H,24,6,4,3,4,3,0,0,2019
2020-06-21,Internazionale,Sampdoria,2,1,H,17,21,5,1,3,3,0,0,2019
2020-06-22,Fiorentina,Brescia,1,1,D,21,21,7,2,5,4,1,0,2019
2020-06-22,Lecce,AC Milan,1,4,A,8,13,5,4,1,1,0,0,2019
2020-06-22,Bologna,Juventus,0,2,A,16,16,8,2,1,4,0,1,2019
2020-06-23,SPAL,Cagliari,0,1,A,21,12,1,9,3,3,0,0,2019
2020-06-23,Hellas Verona,Napoli,0,2,A,16,7,8,4,1,1,0,0,2019
2020-06-23,Genoa,Parma,1,4,A,15,15,1,3,1,2,0,0,2019
2020-06-23,Torino,Udinese,1,0,H,11,11,1,16,0,0,0,0,2019
2020-06-24,Internazionale,Sassuolo,3,3,D,18,20,7,6,3,1,1,0,2019
2020-06-24,Atalanta,Lazio,3,2,H,13,15,11,0,2,2,0,0,2019
2020-06-24,AS Roma,Sampdoria,2,1,H,10,14,10,8,0,0,0,0,2019
2020-06-26,Juventus,Lecce,4,0,H,15,7,12,4,1,0,0,1,2019
2020-06-27,Brescia,Genoa,2,2,D,16,16,1,8,4,2,0,0,2019
2020-06-27,Cagliari,Torino,4,2,H,15,12,3,5,3,0,0,0,2019
2020-06-27,Lazio,Fiorentina,2,1,H,13,13,7,1,5,2,0,1,2019
2020-06-28,AC Milan,AS Roma,2,0,H,10,16,5,6,2,2,0,0,2019
2020-06-28,Napoli,SPAL,3,1,H,14,14,4,1,0,3,0,0,2019
2020-06-28,Sampdoria,Bologna,1,2,A,17,15,13,4,3,1,0,0,2019
2020-06-28,Sassuolo,Hellas Verona,3,3,D,17,13,12,2,2,2,0,0,2019
2020-06-28,Udinese,Atalanta,2,3,A,14,9,0,10,2,2,0,0,2019
2020-06-28,Parma,Internazionale,1,2,A,9,13,1,8,3,4,1,1,2019
2020-06-30,Torino,Lazio,1,2,A,15,16,2,8,1,3,0,0,2019
2020-06-30,Genoa,Juventus,1,3,A,21,10,2,9,5,1,0,0,2019
2020-01-07,Bologna,Cagliari,1,1,D,20,17,7,2,3,2,0,0,2019
2020-01-07,Internazionale,Brescia,6,0,H,13,10,4,4,2,2,0,0,2019
2020-01-07,Fiorentina,Sassuolo,1,3,A,20,12,8,3,4,2,0,0,2019
2020-01-07,Lecce,Sampdoria,1,2,A,13,14,9,5,2,3,0,0,2019
2020-01-07,SPAL,AC Milan,2,2,D,9,12,3,17,3,0,1,0,2019
2020-01-07,Hellas Verona,Parma,3,2,H,14,10,3,1,2,3,0,0,2019
2020-02-07,Atalanta,Napoli,2,0,H,17,14,5,5,1,1,0,0,2019
2020-02-07,AS Roma,Udinese,0,2,A,10,11,10,7,3,2,1,0,2019
2020-04-07,Juventus,Torino,4,1,H,11,8,5,8,4,2,0,0,2019
2020-04-07,Sassuolo,Lecce,4,2,H,15,21,4,4,3,4,0,0,2019
2020-04-07,Lazio,AC Milan,0,3,A,14,12,5,1,1,1,0,0,2019
2020-05-07,Internazionale,Bologna,1,2,A,16,12,12,9,3,3,1,1,2019
2020-05-07,Brescia,Hellas Verona,2,0,H,11,13,3,11,3,1,0,0,2019
2020-05-07,Cagliari,Atalanta,0,1,A,15,14,6,4,3,2,1,0,2019
2020-05-07,Parma,Fiorentina,1,2,A,17,14,3,0,4,6,0,0,2019
2020-05-07,Sampdoria,SPAL,3,0,H,18,12,4,13,1,1,0,0,2019
2020-05-07,Udinese,Genoa,2,2,D,13,14,2,4,3,2,0,0,2019
2020-05-07,Napoli,AS Roma,2,1,H,10,16,8,1,2,4,0,0,2019
2020-07-07,Lecce,Lazio,2,1,H,8,11,3,14,3,3,0,1,2019
2020-07-07,AC Milan,Juventus,4,2,H,14,16,2,6,4,1,0,0,2019
2020-08-07,Fiorentina,Cagliari,0,0,D,11,10,6,3,2,2,0,0,2019
2020-08-07,Genoa,Napoli,1,2,A,13,6,6,8,1,0,0,0,2019
2020-08-07,Atalanta,Sampdoria,2,0,H,12,19,7,9,2,3,0,0,2019
2020-08-07,Bologna,Sassuolo,1,2,A,17,16,7,8,3,4,0,0,2019
2020-08-07,AS Roma,Parma,2,1,H,17,10,9,3,5,1,0,0,2019
2020-08-07,Torino,Brescia,3,1,H,24,19,6,5,1,3,0,0,2019
2020-09-07,SPAL,Udinese,0,3,A,11,9,9,1,0,0,0,0,2019
2020-09-07,Hellas Verona,Internazionale,2,2,D,19,11,0,5,3,2,0,0,2019
2020-11-07,Lazio,Sassuolo,1,2,A,13,7,1,5,4,2,0,0,2019
2020-11-07,Brescia,AS Roma,0,3,A,19,16,3,8,1,2,0,0,2019
2020-11-07,Juventus,Atalanta,2,2,D,11,16,2,4,3,2,0,0,2019
2020-12-07,Genoa,SPAL,2,0,H,15,19,7,2,1,2,0,0,2019
2020-12-07,Cagliari,Lecce,0,0,D,10,7,6,7,1,1,0,0,2019
2020-12-07,Fiorentina,Hellas Verona,1,1,D,15,14,6,8,3,2,0,0,2019
2020-12-07,Parma,Bologna,2,2,D,17,24,6,2,1,1,0,0,2019
2020-12-07,Udinese,Sampdoria,1,3,A,16,10,10,7,1,4,0,0,2019
2020-12-07,Napoli,AC Milan,2,2,D,9,18,7,2,2,4,0,1,2019
2020-07-13,Internazionale,Torino,3,1,H,21,18,9,2,5,3,0,0,2019
2020-07-14,Atalanta,Brescia,6,2,H,12,10,1,1,0,0,0,0,2019
2020-07-15,Bologna,Napoli,1,1,D,20,9,8,4,1,1,0,0,2019
2020-07-15,AC Milan,Parma,3,1,H,9,10,7,6,1,2,0,0,2019
2020-07-15,Sampdoria,Cagliari,3,0,H,13,15,4,3,0,2,0,0,2019
2020-07-15,Lecce,Fiorentina,1,3,A,15,7,6,5,3,2,0,0,2019
2020-07-15,AS Roma,Hellas Verona,2,1,H,14,6,7,6,4,3,0,0,2019
2020-07-15,Sassuolo,Juventus,3,3,D,14,13,3,9,4,4,0,0,2019
2020-07-15,Udinese,Lazio,0,0,D,12,11,4,5,2,3,0,0,2019
2020-07-16,Torino,Genoa,3,0,H,20,18,8,4,2,2,0,0,2019
2020-07-16,SPAL,Internazionale,0,4,A,10,9,0,7,2,3,0,0,2019
2020-07-18,Hellas Verona,Atalanta,1,1,D,15,15,7,5,2,2,0,0,2019
2020-07-18,Cagliari,Sassuolo,1,1,D,14,15,0,9,4,2,1,0,2019
2020-07-18,AC Milan,Bologna,5,1,H,19,14,7,2,2,1,0,0,2019
2020-07-19,Parma,Sampdoria,2,3,A,13,11,4,6,0,1,0,0,2019
2020-07-19,Brescia,SPAL,2,1,H,10,14,7,4,2,2,0,0,2019
2020-07-19,Fiorentina,Torino,2,0,H,7,11,4,1,1,2,0,0,2019
2020-07-19,Genoa,Lecce,2,1,H,12,10,3,8,2,3,0,0,2019
2020-07-19,Napoli,Udinese,2,1,H,13,17,2,3,3,2,0,0,2019
2020-07-19,AS Roma,Internazionale,2,2,D,18,13,8,5,1,1,0,0,2019
2020-07-20,Juventus,Lazio,2,1,H,18,15,4,7,3,1,0,0,2019
2020-07-21,Atalanta,Bologna,1,0,H,19,14,6,4,4,2,0,0,2019
2020-07-21,Sassuolo,AC Milan,1,2,A,12,24,5,3,3,4,1,0,2019
2020-07-22,Parma,Napoli,2,1,H,8,12,3,3,3,1,0,0,2019
2020-07-22,Internazionale,Fiorentina,0,0,D,13,13,11,2,1,3,0,0,2019
2020-07-22,Lecce,Brescia,3,1,H,11,11,5,10,2,1,0,0,2019
2020-07-22,Sampdoria,Genoa,1,2,A,14,13,5,0,4,2,0,0,2019
2020-07-22,SPAL,AS Roma,1,6,A,10,11,3,1,1,0,0,0,2019
2020-07-22,Torino,Hellas Verona,1,1,D,18,16,5,4,4,2,0,0,2019
2020-07-23,Udinese,Juventus,2,1,H,9,8,3,7,2,2,0,0,2019
2020-07-23,Lazio,Cagliari,2,1,H,14,11,13,3,3,1,0,0,2019
2020-07-24,AC Milan,Atalanta,1,1,D,17,12,3,7,1,1,0,0,2019
2020-07-25,Brescia,Parma,1,2,A,15,13,5,3,4,0,0,0,2019
2020-07-25,Genoa,Internazionale,0,3,A,12,15,4,6,2,3,0,0,2019
2020-07-25,Napoli,Sassuolo,2,0,H,4,10,7,4,1,3,0,0,2019
2020-07-26,Bologna,Lecce,3,2,H,16,8,9,6,1,1,0,0,2019
2020-07-26,Cagliari,Udinese,0,1,A,10,17,4,8,2,1,0,0,2019
2020-07-26,AS Roma,Fiorentina,2,1,H,13,14,8,3,1,4,0,0,2019
2020-07-26,SPAL,Torino,1,1,D,11,17,0,10,2,3,0,0,2019
2020-07-26,Hellas Verona,Lazio,1,5,A,16,7,8,5,2,2,0,0,2019
2020-07-26,Juventus,Sampdoria,2,0,H,17,13,4,5,4,5,0,1,2019
2020-07-28,Parma,Atalanta,1,2,A,17,16,3,3,2,1,0,0,2019
2020-07-28,Internazionale,Napoli,2,0,H,16,8,3,9,4,1,0,0,2019
2020-07-29,Lazio,Brescia,2,0,H,11,10,5,6,1,2,0,0,2019
2020-07-29,Sampdoria,AC Milan,1,4,A,5,6,4,6,1,1,0,0,2019
2020-07-29,Sassuolo,Genoa,5,0,H,11,6,2,3,1,1,0,0,2019
2020-07-29,Udinese,Lecce,1,2,A,12,11,5,5,1,4,0,0,2019
2020-07-29,Hellas Verona,SPAL,3,0,H,15,13,7,1,1,1,0,0,2019
2020-07-29,Cagliari,Juventus,2,0,H,13,12,1,9,2,1,0,0,2019
2020-07-29,Fiorentina,Bologna,4,0,H,14,11,3,5,2,1,0,0,2019
2020-07-29,Torino,AS Roma,2,3,A,8,18,4,8,2,3,0,0,2019
2020-01-08,Brescia,Sampdoria,1,1,D,9,17,5,4,1,4,0,1,2019
2020-01-08,Atalanta,Internazionale,0,2,A,10,12,7,1,2,3,0,0,2019
2020-01-08,Juventus,AS Roma,1,3,A,10,12,6,5,1,4,0,0,2019
2020-01-08,AC Milan,Cagliari,3,0,H,16,7,7,6,1,3,0,0,2019
2020-01-08,Napoli,Lazio,3,1,H,10,11,2,2,3,2,0,0,2019
2020-02-08,SPAL,Fiorentina,1,3,A,6,14,3,10,1,1,0,0,2019
2020-02-08,Bologna,Torino,1,1,D,15,17,7,3,3,3,0,0,2019
2020-02-08,Genoa,Hellas Verona,3,0,H,8,13,4,9,4,0,2,1,2019
2020-02-08,Lecce,Parma,3,4,A,3,7,5,4,0,2,0,0,2019
2020-02-08,Sassuolo,Udinese,0,1,A,9,11,6,7,1,1,0,0,2019
2020-09-19,Fiorentina,Torino,1,0,H,17,20,4,1,3,1,0,0,2020
2020-09-19,Hellas Verona,AS Roma,0,0,D,19,20,0,6,2,0,0,0,2020
2020-09-20,Parma,Napoli,0,2,A,16,12,4,2,4,1,0,0,2020
2020-09-20,Genoa,Crotone,4,1,H,13,14,6,4,4,2,0,0,2020
2020-09-20,Sassuolo,Cagliari,1,1,D,9,18,7,3,1,3,0,0,2020
2020-09-20,Juventus,Sampdoria,3,0,H,15,9,6,4,1,1,0,0,2020
2020-09-21,AC Milan,Bologna,2,0,H,13,17,7,4,3,5,0,1,2020
2020-09-26,Torino,Atalanta,2,4,A,11,12,2,6,1,2,0,0,2020
2020-09-26,Cagliari,Lazio,0,2,A,8,13,3,6,1,1,0,0,2020
2020-09-26,Sampdoria,Benevento,2,3,A,17,12,6,4,3,1,0,0,2020
2020-09-26,Internazionale,Fiorentina,4,3,H,15,10,5,1,1,1,0,0,2020
2020-09-27,Spezia,Sassuolo,1,4,A,13,8,3,5,2,1,0,0,2020
2020-09-27,Napoli,Genoa,6,0,H,6,13,4,2,1,2,0,0,2020
2020-09-27,Hellas Verona,Udinese,1,0,H,13,13,1,9,1,0,0,0,2020
2020-09-27,Crotone,AC Milan,0,2,A,14,15,2,5,1,3,0,0,2020
2020-09-27,AS Roma,Juventus,2,2,D,19,9,5,7,2,3,0,1,2020
2020-09-28,Bologna,Parma,4,1,H,12,9,8,9,1,2,0,1,2020
2020-09-30,Benevento,Internazionale,2,5,A,10,15,5,1,1,0,0,0,2020
2020-09-30,Udinese,Spezia,0,2,A,13,17,2,2,0,5,0,1,2020
2020-09-30,Lazio,Atalanta,1,4,A,16,11,7,3,7,2,0,0,2020
2020-02-10,Fiorentina,Sampdoria,1,2,A,11,16,8,4,0,3,0,0,2020
2020-03-10,Sassuolo,Crotone,4,1,H,15,15,3,4,2,3,0,0,2020
2020-03-10,Udinese,AS Roma,0,1,A,15,10,4,1,1,0,0,0,2020
2020-04-10,Atalanta,Cagliari,5,2,H,11,9,3,9,0,0,0,0,2020
2020-04-10,Benevento,Bologna,1,0,H,13,15,4,10,2,1,0,0,2020
2020-04-10,Lazio,Internazionale,1,1,D,14,13,7,8,3,4,1,1,2020
2020-04-10,Parma,Hellas Verona,1,0,H,11,19,7,6,1,1,0,0,2020
2020-04-10,AC Milan,Spezia,3,0,H,14,19,4,6,1,2,0,0,2020
2020-10-17,Napoli,Atalanta,4,1,H,12,23,6,2,1,3,0,0,2020
2020-10-17,Internazionale,AC Milan,1,2,A,18,11,3,5,3,4,0,0,2020
2020-10-17,Sampdoria,Lazio,3,0,H,12,10,3,3,2,2,0,0,2020
2020-10-17,Crotone,Juventus,1,1,D,17,14,3,4,3,3,0,1,2020
2020-10-18,Bologna,Sassuolo,3,4,A,20,12,7,11,2,2,0,0,2020
2020-10-18,Spezia,Fiorentina,2,2,D,15,18,5,5,2,2,0,0,2020
2020-10-18,Torino,Cagliari,2,3,A,14,16,2,4,2,3,1,0,2020
2020-10-18,Udinese,Parma,3,2,H,12,11,11,2,3,2,0,0,2020
2020-10-18,AS Roma,Benevento,5,2,H,17,7,6,4,3,2,0,0,2020
2020-10-19,Hellas Verona,Genoa,0,0,D,14,15,14,2,1,4,0,0,2020
2020-10-23,Sassuolo,Torino,3,3,D,10,12,6,8,2,2,0,0,2020
2020-10-24,Atalanta,Sampdoria,1,3,A,11,18,3,1,3,4,0,0,2020
2020-10-24,Genoa,Internazionale,0,2,A,11,17,1,9,1,1,0,0,2020
2020-10-24,Lazio,Bologna,2,1,H,14,15,8,9,3,3,0,0,2020
2020-10-25,Cagliari,Crotone,4,2,H,13,13,5,1,2,4,0,1,2020
2020-10-25,Benevento,Napoli,1,2,A,18,13,3,15,3,1,0,0,2020
2020-10-25,Parma,Spezia,2,2,D,12,22,12,3,3,2,0,0,2020
2020-10-25,Fiorentina,Udinese,3,2,H,16,14,2,7,1,3,0,0,2020
2020-10-25,Juventus,Hellas Verona,1,1,D,14,19,6,3,1,4,0,0,2020
2020-10-26,AC Milan,AS Roma,3,3,D,15,15,7,7,3,2,0,0,2020
2020-10-31,Crotone,Atalanta,1,2,A,11,22,1,3,1,3,0,0,2020
2020-10-31,Internazionale,Parma,2,2,D,13,7,15,2,1,1,0,0,2020
2020-10-31,Bologna,Cagliari,3,2,H,12,19,7,3,3,3,0,0,2020
2020-01-11,Udinese,AC Milan,1,2,A,14,12,2,4,2,2,0,0,2020
2020-01-11,Spezia,Juventus,1,4,A,14,7,4,3,3,1,0,0,2020
2020-01-11,Torino,Lazio,3,4,A,11,12,7,1,2,4,0,0,2020
2020-01-11,Napoli,Sassuolo,0,2,A,7,9,12,3,2,2,0,0,2020
2020-01-11,AS Roma,Fiorentina,2,0,H,17,16,7,4,3,2,0,1,2020
2020-01-11,Sampdoria,Genoa,1,1,D,19,11,7,4,5,1,0,0,2020
2020-02-11,Hellas Verona,Benevento,3,1,H,18,14,4,5,5,4,0,1,2020
2020-04-11,Genoa,Torino,1,2,A,10,18,5,2,2,4,0,0,2020
2020-06-11,Sassuolo,Udinese,0,0,D,17,13,3,6,2,2,0,0,2020
2020-07-11,Cagliari,Sampdoria,2,0,H,12,16,2,6,0,2,0,1,2020
2020-07-11,Benevento,Spezia,0,3,A,13,18,2,4,3,3,0,0,2020
2020-07-11,Parma,Fiorentina,0,0,D,17,17,2,3,1,2,0,0,2020
2020-08-11,Lazio,Juventus,1,1,D,12,12,4,2,2,2,0,0,2020
2020-08-11,Atalanta,Internazionale,1,1,D,15,13,2,5,1,3,0,0,2020
2020-08-11,Genoa,AS Roma,1,3,A,10,11,1,8,1,0,0,0,2020
2020-08-11,Torino,Crotone,0,0,D,15,16,6,3,3,4,0,1,2020
2020-08-11,Bologna,Napoli,0,1,A,12,11,4,7,3,0,0,0,2020
2020-08-11,AC Milan,Hellas Verona,2,2,D,16,20,14,1,1,3,0,0,2020
2020-11-21,Crotone,Lazio,0,2,A,11,11,2,6,3,4,0,0,2020
2020-11-21,Spezia,Atalanta,0,0,D,19,18,1,2,3,3,0,0,2020
2020-11-21,Juventus,Cagliari,2,0,H,11,7,9,1,3,2,0,0,2020
2020-11-22,Fiorentina,Benevento,0,1,A,14,16,4,4,2,3,0,0,2020
2020-11-22,Internazionale,Torino,4,2,H,20,14,1,1,3,2,0,0,2020
2020-11-22,AS Roma,Parma,3,0,H,5,4,4,1,0,0,0,0,2020
2020-11-22,Sampdoria,Bologna,1,2,A,10,9,9,10,2,2,0,0,2020
2020-11-22,Hellas Verona,Sassuolo,0,2,A,13,20,6,1,1,3,0,0,2020
2020-11-22,Udinese,Genoa,1,0,H,17,15,4,8,2,3,0,1,2020
2020-11-22,Napoli,AC Milan,1,3,A,8,16,8,5,3,4,1,0,2020
2020-11-28,Sassuolo,Internazionale,0,3,A,13,16,6,2,3,1,0,0,2020
2020-11-28,Benevento,Juventus,1,1,D,13,13,5,8,6,1,0,1,2020
2020-11-28,Atalanta,Hellas Verona,0,2,A,12,15,4,1,2,3,0,0,2020
2020-11-29,Lazio,Udinese,1,3,A,16,10,4,4,3,4,0,0,2020
2020-11-29,Bologna,Crotone,1,0,H,15,18,10,3,2,4,0,0,2020
2020-11-29,AC Milan,Fiorentina,2,0,H,15,15,3,6,2,4,0,0,2020
2020-11-29,Cagliari,Spezia,2,2,D,16,18,4,5,0,4,0,0,2020
2020-11-29,Napoli,AS Roma,4,0,H,3,10,11,4,1,2,0,0,2020
2020-11-30,Torino,Sampdoria,2,2,D,17,17,6,2,1,2,0,0,2020
2020-11-30,Genoa,Parma,1,2,A,12,16,2,2,2,2,0,0,2020
2020-05-12,Spezia,Lazio,1,2,A,15,12,7,0,3,1,0,0,2020
2020-05-12,Juventus,Torino,2,1,H,17,10,13,1,3,3,1,0,2020
2020-05-12,Internazionale,Bologna,3,1,H,12,13,7,3,1,2,0,0,2020
2020-06-12,Hellas Verona,Cagliari,1,1,D,11,14,7,5,2,0,0,0,2020
2020-06-12,Parma,Benevento,0,0,D,13,12,6,3,4,4,0,0,2020
2020-06-12,AS Roma,Sassuolo,0,0,D,10,12,12,5,5,3,1,0,2020
2020-06-12,Crotone,Napoli,0,4,A,14,9,4,1,3,3,1,0,2020
2020-06-12,Sampdoria,AC Milan,1,2,A,11,16,9,6,2,1,0,0,2020
2020-07-12,Fiorentina,Genoa,1,1,D,7,20,5,1,2,2,0,0,2020
2020-11-12,Sassuolo,Benevento,1,0,H,12,14,1,10,2,4,1,0,2020
2020-12-12,Crotone,Spezia,4,1,H,16,14,1,4,3,3,0,0,2020
2020-12-12,Torino,Udinese,2,3,A,9,17,2,2,3,3,0,0,2020
2020-12-12,Lazio,Hellas Verona,1,2,A,13,15,5,3,5,3,0,0,2020
2020-12-13,Cagliari,Internazionale,1,3,A,10,17,3,9,2,1,0,0,2020
2020-12-13,Atalanta,Fiorentina,3,0,H,17,13,11,2,1,2,0,0,2020
2020-12-13,Bologna,AS Roma,1,5,A,16,9,1,5,4,2,0,0,2020
2020-12-13,Napoli,Sampdoria,2,1,H,7,13,7,5,3,4,0,0,2020
2020-12-13,Genoa,Juventus,1,3,A,13,14,0,10,3,3,0,0,2020
2020-12-13,AC Milan,Parma,2,2,D,12,14,13,1,3,3,0,0,2020
2020-12-15,Udinese,Crotone,0,0,D,13,17,9,1,1,4,0,0,2020
2020-12-15,Benevento,Lazio,1,1,D,15,15,4,8,2,2,1,0,2020
2020-12-16,Juventus,Atalanta,1,1,D,13,18,2,6,3,2,0,0,2020
2020-12-16,Fiorentina,Sassuolo,1,1,D,19,11,4,1,4,4,0,0,2020
2020-12-16,Genoa,AC Milan,2,2,D,17,13,4,10,2,3,0,0,2020
2020-12-16,Internazionale,Napoli,1,0,H,16,9,4,3,5,3,0,1,2020
2020-12-16,Parma,Cagliari,0,0,D,13,11,8,5,1,1,0,0,2020
2020-12-16,Spezia,Bologna,2,2,D,19,11,3,4,6,1,0,0,2020
2020-12-16,Hellas Verona,Sampdoria,1,2,A,20,17,6,3,2,4,1,0,2020
2020-12-17,AS Roma,Torino,3,1,H,21,16,4,2,4,3,0,1,2020
2020-12-19,Fiorentina,Hellas Verona,1,1,D,10,16,4,1,2,2,0,0,2020
2020-12-19,Sampdoria,Crotone,3,1,H,14,15,3,1,2,2,0,0,2020
2020-12-19,Parma,Juventus,0,4,A,8,10,4,9,0,1,0,0,2020
2020-12-20,Torino,Bologna,1,1,D,16,17,4,8,1,3,0,0,2020
2020-12-20,Benevento,Genoa,2,0,H,9,22,6,5,1,3,0,0,2020
2020-12-20,Cagliari,Udinese,1,1,D,13,13,5,7,2,1,0,0,2020
2020-12-20,Internazionale,Spezia,2,1,H,10,9,3,2,1,2,0,0,2020
2020-12-20,Sassuolo,AC Milan,1,2,A,11,12,6,4,1,3,0,0,2020
2020-12-20,Atalanta,AS Roma,4,1,H,15,14,2,2,2,3,0,0,2020
2020-12-20,Lazio,Napoli,2,0,H,12,8,4,9,4,3,0,0,2020
2020-12-22,Crotone,Parma,2,1,H,16,22,3,6,4,6,0,0,2020
2020-12-22,Juventus,Fiorentina,0,3,A,9,18,5,5,1,4,1,0,2020
2020-12-23,Hellas Verona,Internazionale,1,2,A,15,19,2,8,4,2,0,0,2020
2020-12-23,Bologna,Atalanta,2,2,D,11,14,1,5,2,2,0,0,2020
2020-12-23,AC Milan,Lazio,3,2,H,9,14,4,6,2,4,0,0,2020
2020-12-23,Napoli,Torino,1,1,D,19,16,4,3,3,3,0,0,2020
2020-12-23,AS Roma,Cagliari,3,2,H,18,17,6,0,3,2,0,0,2020
2020-12-23,Sampdoria,Sassuolo,2,3,A,10,12,14,6,2,4,1,0,2020
2020-12-23,Spezia,Genoa,1,2,A,18,19,4,2,3,4,0,0,2020
2020-12-23,Udinese,Benevento,0,2,A,17,9,7,1,1,2,0,0,2020
2021-03-01,Internazionale,Crotone,6,2,H,9,7,3,3,0,3,0,0,2020
2021-03-01,Atalanta,Sassuolo,5,1,H,13,9,8,3,3,1,0,0,2020
2021-03-01,Cagliari,Napoli,1,4,A,11,6,3,8,4,1,1,0,2020
2021-03-01,Fiorentina,Bologna,0,0,D,8,11,8,5,4,3,0,0,2020
2021-03-01,Genoa,Lazio,1,1,D,10,19,4,9,2,4,0,0,2020
2021-03-01,Parma,Torino,0,3,A,20,16,9,3,2,2,0,0,2020
2021-03-01,AS Roma,Sampdoria,1,0,H,17,14,8,2,3,5,0,0,2020
2021-03-01,Spezia,Hellas Verona,0,1,A,22,10,3,5,6,0,1,0,2020
2021-03-01,Benevento,AC Milan,0,2,A,9,14,12,4,1,3,0,1,2020
2021-03-01,Juventus,Udinese,4,1,H,14,8,7,1,3,0,0,0,2020
2021-06-01,Cagliari,Benevento,1,2,A,18,12,7,6,4,3,1,0,2020
2021-06-01,Atalanta,Parma,3,0,H,10,6,12,3,1,1,0,0,2020
2021-06-01,Bologna,Udinese,2,2,D,16,13,4,6,4,3,1,0,2020
2021-06-01,Crotone,AS Roma,1,3,A,15,16,3,4,2,3,0,0,2020
2021-06-01,Lazio,Fiorentina,2,1,H,11,11,2,9,3,1,0,0,2020
2021-06-01,Sampdoria,Internazionale,2,1,H,13,18,4,10,3,4,0,0,2020
2021-06-01,Sassuolo,Genoa,2,1,H,14,10,8,2,3,3,0,0,2020
2021-06-01,Torino,Hellas Verona,1,1,D,12,18,9,3,1,3,0,0,2020
2021-06-01,Napoli,Spezia,1,2,A,9,16,10,2,2,5,0,1,2020
2021-06-01,AC Milan,Juventus,1,3,A,17,12,7,4,1,2,0,0,2020
2021-09-01,Benevento,Atalanta,1,4,A,13,21,1,11,3,2,0,0,2020
2021-09-01,Genoa,Bologna,2,0,H,11,9,1,4,2,0,0,0,2020
2021-09-01,AC Milan,Torino,2,0,H,22,15,7,5,6,2,0,0,2020
2021-10-01,AS Roma,Internazionale,2,2,D,18,11,3,7,3,3,0,0,2020
2021-10-01,Parma,Lazio,0,2,A,11,6,5,6,4,1,0,0,2020
2021-10-01,Udinese,Napoli,1,2,A,19,6,2,7,3,1,0,0,2020
2021-10-01,Hellas Verona,Crotone,2,1,H,16,16,6,4,3,3,0,0,2020
2021-10-01,Fiorentina,Cagliari,1,0,H,15,14,9,5,1,3,0,0,2020
2021-10-01,Juventus,Sassuolo,3,1,H,11,4,6,3,4,1,0,1,2020
2021-11-01,Spezia,Sampdoria,2,1,H,17,15,4,2,4,3,0,0,2020
2021-01-15,Lazio,AS Roma,3,0,H,12,19,1,7,5,4,0,0,2020
2021-01-16,Bologna,Hellas Verona,1,0,H,15,10,7,3,2,1,0,0,2020
2021-01-16,Torino,Spezia,0,0,D,12,14,6,2,3,3,0,1,2020
2021-01-16,Sampdoria,Udinese,2,1,H,8,11,11,5,1,1,0,0,2020
2021-01-17,Napoli,Fiorentina,6,0,H,11,15,1,4,1,0,0,0,2020
2021-01-17,Crotone,Benevento,4,1,H,14,14,4,13,1,3,0,1,2020
2021-01-17,Sassuolo,Parma,1,1,D,18,11,5,2,3,2,0,0,2020
2021-01-17,Atalanta,Genoa,0,0,D,15,13,9,1,1,2,0,0,2020
2021-01-17,Internazionale,Juventus,2,0,H,8,14,3,4,2,2,0,0,2020
2021-01-18,Cagliari,AC Milan,0,2,A,9,13,7,4,2,3,0,1,2020
2021-01-20,Udinese,Atalanta,1,1,D,20,26,2,7,3,2,0,0,2020
2021-01-22,Benevento,Torino,2,2,D,18,22,6,4,1,3,0,0,2020
2021-01-23,AS Roma,Spezia,4,3,H,12,13,3,1,3,1,0,0,2020
2021-01-23,AC Milan,Atalanta,0,3,A,11,14,5,7,2,1,0,0,2020
2021-01-23,Udinese,Internazionale,0,0,D,11,16,3,4,3,2,0,0,2020
2021-01-23,Fiorentina,Crotone,2,1,H,11,17,5,3,2,2,0,0,2020
2021-01-24,Juventus,Bologna,2,0,H,11,17,7,6,3,2,0,0,2020
2021-01-24,Genoa,Cagliari,1,0,H,11,6,4,7,1,2,0,0,2020
2021-01-24,Hellas Verona,Napoli,3,1,H,13,8,3,3,2,3,0,0,2020
2021-01-24,Lazio,Sassuolo,2,1,H,16,15,9,6,2,3,0,0,2020
2021-01-24,Parma,Sampdoria,0,2,A,14,14,5,5,1,1,0,0,2020
2021-01-29,Torino,Fiorentina,1,1,D,20,15,7,2,2,2,0,2,2020
2021-01-30,Bologna,AC Milan,1,2,A,13,12,6,4,2,1,0,0,2020
2021-01-30,Sampdoria,Juventus,0,2,A,11,10,5,7,4,2,0,0,2020
2021-01-30,Internazionale,Benevento,4,0,H,9,14,7,3,0,2,0,0,2020
2021-01-31,Spezia,Udinese,0,1,A,18,19,2,2,6,4,1,1,2020
2021-01-31,Atalanta,Lazio,1,3,A,12,20,2,2,0,2,0,0,2020
2021-01-31,Cagliari,Sassuolo,1,1,D,10,11,3,14,2,3,0,0,2020
2021-01-31,Crotone,Genoa,0,3,A,15,22,3,11,3,1,0,0,2020
2021-01-31,Napoli,Parma,2,0,H,15,16,7,6,2,4,0,0,2020
2021-01-31,AS Roma,Hellas Verona,3,1,H,15,11,4,5,2,1,0,0,2020
2021-05-02,Fiorentina,Internazionale,0,2,A,9,10,7,7,3,1,0,0,2020
2021-06-02,Atalanta,Torino,3,3,D,24,17,4,3,3,2,0,0,2020
2021-06-02,Sassuolo,Spezia,1,2,A,20,15,5,5,2,3,0,0,2020
2021-06-02,Juventus,AS Roma,2,0,H,9,13,2,9,2,2,0,0,2020
2021-06-02,Genoa,Napoli,2,1,H,13,11,1,6,2,3,0,0,2020
2021-07-02,Benevento,Sampdoria,1,1,D,17,14,2,10,4,2,0,0,2020
2021-07-02,AC Milan,Crotone,4,0,H,17,9,8,6,3,1,0,0,2020
2021-07-02,Udinese,Hellas Verona,2,0,H,9,15,10,8,2,4,0,0,2020
2021-07-02,Parma,Bologna,0,3,A,13,13,5,1,2,1,0,0,2020
2021-07-02,Lazio,Cagliari,1,0,H,16,14,12,2,2,2,0,0,2020
2021-12-02,Bologna,Benevento,1,1,D,17,10,8,3,3,2,0,0,2020
2021-02-13,Torino,Genoa,0,0,D,13,15,3,5,2,4,0,0,2020
2021-02-13,Napoli,Juventus,1,0,H,9,18,3,9,2,3,0,0,2020
2021-02-13,Spezia,AC Milan,2,0,H,18,14,5,2,3,1,0,0,2020
2021-02-14,AS Roma,Udinese,3,0,H,17,7,7,2,2,0,0,0,2020
2021-02-14,Cagliari,Atalanta,0,1,A,17,14,6,6,3,3,0,0,2020
2021-02-14,Sampdoria,Fiorentina,2,1,H,14,11,6,7,1,3,0,0,2020
2021-02-14,Crotone,Sassuolo,1,2,A,15,17,7,8,1,1,0,0,2020
2021-02-14,Internazionale,Lazio,3,1,H,7,4,4,0,2,1,0,0,2020
2021-02-15,Hellas Verona,Parma,2,1,H,16,15,4,4,4,2,0,0,2020
2021-02-19,Fiorentina,Spezia,3,0,H,20,11,0,6,4,0,0,0,2020
2021-02-19,Cagliari,Torino,0,1,A,20,19,8,3,3,2,0,0,2020
2021-02-20,Lazio,Sampdoria,1,0,H,14,17,4,5,4,3,0,0,2020
2021-02-20,Genoa,Hellas Verona,2,2,D,11,17,5,1,1,1,0,0,2020
2021-02-20,Sassuolo,Bologna,1,1,D,14,8,10,6,1,0,0,1,2020
2021-02-21,Parma,Udinese,2,2,D,18,15,3,2,7,4,0,0,2020
2021-02-21,AC Milan,Internazionale,0,3,A,9,10,7,7,2,1,0,0,2020
2021-02-21,Atalanta,Napoli,4,2,H,20,11,6,2,2,1,0,0,2020
2021-02-21,Benevento,AS Roma,0,0,D,11,18,1,9,4,1,1,0,2020
2021-02-22,Juventus,Crotone,3,0,H,18,9,7,3,3,1,0,0,2020
2021-02-27,Spezia,Parma,2,2,D,18,19,8,2,3,4,0,0,2020
2021-02-27,Bologna,Lazio,2,0,H,9,18,4,7,1,2,0,0,2020
2021-02-27,Hellas Verona,Juventus,1,1,D,18,14,8,5,2,2,0,0,2020
2021-02-28,Sampdoria,Atalanta,0,2,A,7,17,5,6,1,3,0,0,2020
2021-02-28,Crotone,Cagliari,0,2,A,17,14,7,4,2,4,0,1,2020
2021-02-28,Internazionale,Genoa,3,0,H,12,8,9,1,0,2,0,0,2020
2021-02-28,Udinese,Fiorentina,1,0,H,12,20,3,9,1,2,0,0,2020
2021-02-28,Napoli,Benevento,2,0,H,13,15,8,2,3,2,1,0,2020
2021-02-28,AS Roma,AC Milan,1,2,A,14,9,5,8,3,3,0,0,2020
2021-02-03,Juventus,Spezia,3,0,H,14,13,5,10,2,0,0,0,2020
2021-03-03,Sassuolo,Napoli,3,3,D,16,13,6,4,2,2,0,0,2020
2021-03-03,Atalanta,Crotone,5,1,H,7,13,4,3,0,2,0,0,2020
2021-03-03,Benevento,Hellas Verona,0,3,A,8,20,2,7,0,1,0,0,2020
2021-03-03,Cagliari,Bologna,1,0,H,15,18,10,4,2,2,0,0,2020
2021-03-03,Fiorentina,AS Roma,1,2,A,10,15,2,3,1,2,0,0,2020
2021-03-03,Genoa,Sampdoria,1,1,D,16,16,2,4,1,0,0,0,2020
2021-03-03,AC Milan,Udinese,1,1,D,21,11,7,2,4,1,0,0,2020
2021-04-03,Parma,Internazionale,1,2,A,8,12,2,2,0,1,0,0,2020
2021-06-03,Spezia,Benevento,1,1,D,13,17,3,1,2,4,0,0,2020
2021-06-03,Udinese,Sassuolo,2,0,H,10,11,5,6,1,0,0,0,2020
2021-06-03,Juventus,Lazio,3,1,H,10,13,4,4,0,1,0,0,2020
2021-07-03,AS Roma,Genoa,1,0,H,15,15,7,1,1,4,0,0,2020
2021-07-03,Crotone,Torino,4,2,H,19,22,8,8,4,2,0,1,2020
2021-07-03,Fiorentina,Parma,3,3,D,19,16,3,3,0,3,0,0,2020
2021-07-03,Hellas Verona,AC Milan,0,2,A,14,12,8,1,2,0,0,0,2020
2021-07-03,Sampdoria,Cagliari,2,2,D,15,13,3,5,4,3,0,0,2020
2021-07-03,Napoli,Bologna,3,1,H,12,13,6,3,2,0,0,0,2020
2021-08-03,Internazionale,Atalanta,1,0,H,11,17,7,7,0,1,0,0,2020
2021-12-03,Lazio,Crotone,3,2,H,10,11,5,1,0,3,0,0,2020
2021-12-03,Atalanta,Spezia,3,1,H,17,6,3,5,2,0,0,0,2020
2021-03-13,Sassuolo,Hellas Verona,3,2,H,15,18,6,5,3,2,0,0,2020
2021-03-13,Benevento,Fiorentina,1,4,A,15,18,8,3,3,1,0,0,2020
2021-03-13,Genoa,Udinese,1,1,D,14,6,6,3,3,1,0,0,2020
2021-03-14,Bologna,Sampdoria,3,1,H,16,11,2,6,2,2,0,0,2020
2021-03-14,Parma,AS Roma,2,0,H,18,16,0,12,3,3,0,0,2020
2021-03-14,Torino,Internazionale,1,2,A,11,12,1,8,0,1,0,0,2020
2021-03-14,Cagliari,Juventus,1,3,A,12,16,8,5,0,2,0,0,2020
2021-03-14,AC Milan,Napoli,0,1,A,12,10,5,4,1,3,1,0,2020
2021-03-17,Torino,Sassuolo,3,2,H,10,16,6,3,1,2,0,0,2020
2021-03-19,Parma,Genoa,1,2,A,22,8,1,3,5,2,0,0,2020
2021-03-20,Crotone,Bologna,2,3,A,11,16,10,3,4,7,0,0,2020
2021-03-20,Spezia,Cagliari,2,1,H,13,16,4,4,1,2,0,0,2020
2021-03-21,Hellas Verona,Atalanta,0,2,A,23,20,4,7,3,2,0,0,2020
2021-03-21,Juventus,Benevento,0,1,A,12,13,9,1,2,4,0,0,2020
2021-03-21,Sampdoria,Torino,1,0,H,15,18,1,7,0,1,0,0,2020
2021-03-21,Udinese,Lazio,0,1,A,9,13,6,11,1,3,0,0,2020
2021-03-21,Fiorentina,AC Milan,2,3,A,6,11,8,8,1,3,0,0,2020
2021-03-21,AS Roma,Napoli,0,2,A,18,13,6,4,5,3,0,0,2020
2021-03-04,AC Milan,Sampdoria,1,1,D,15,16,5,5,2,5,0,1,2020
2021-03-04,Atalanta,Udinese,3,2,H,15,9,4,1,0,2,0,0,2020
2021-03-04,Benevento,Parma,2,2,D,21,18,3,3,2,1,0,0,2020
2021-03-04,Cagliari,Hellas Verona,0,2,A,17,18,6,5,1,3,0,0,2020
2021-03-04,Genoa,Fiorentina,1,1,D,17,10,4,2,2,1,0,1,2020
2021-03-04,Lazio,Spezia,2,1,H,18,21,3,4,3,3,2,0,2020
2021-03-04,Napoli,Crotone,4,3,H,5,17,4,6,0,4,0,0,2020
2021-03-04,Sassuolo,AS Roma,2,2,D,15,15,3,4,4,3,0,0,2020
2021-03-04,Torino,Juventus,2,2,D,16,15,5,6,3,2,0,0,2020
2021-03-04,Bologna,Internazionale,0,1,A,17,15,4,4,4,4,0,0,2020
2021-07-04,Internazionale,Sassuolo,2,1,H,8,13,1,8,2,3,0,0,2020
2021-07-04,Juventus,Napoli,2,1,H,17,12,2,6,1,2,0,0,2020
2021-10-04,Spezia,Crotone,3,2,H,12,15,3,4,1,1,0,0,2020
2021-10-04,Parma,AC Milan,1,3,A,14,11,7,3,4,4,0,1,2020
2021-10-04,Udinese,Torino,0,1,A,21,19,5,4,0,3,0,0,2020
2021-11-04,Internazionale,Cagliari,1,0,H,10,12,5,0,1,1,0,0,2020
2021-11-04,Juventus,Genoa,3,1,H,15,11,8,6,3,3,0,0,2020
2021-11-04,Sampdoria,Napoli,0,2,A,14,10,8,7,0,3,0,0,2020
2021-11-04,Hellas Verona,Lazio,0,1,A,15,13,5,4,0,2,0,0,2020
2021-11-04,AS Roma,Bologna,1,0,H,14,14,4,6,3,2,0,0,2020
2021-11-04,Fiorentina,Atalanta,2,3,A,15,13,0,6,3,1,0,0,2020
2021-12-04,Benevento,Sassuolo,0,1,A,12,14,3,8,3,2,0,0,2020
2021-04-17,Crotone,Udinese,1,2,A,12,19,5,7,0,2,0,1,2020
2021-04-17,Sampdoria,Hellas Verona,3,1,H,16,14,5,7,3,3,0,0,2020
2021-04-17,Sassuolo,Fiorentina,3,1,H,8,16,3,4,3,5,0,0,2020
2021-04-17,Cagliari,Parma,4,3,H,14,12,0,4,4,2,0,0,2020
2021-04-18,AC Milan,Genoa,2,1,H,10,13,5,4,0,1,0,0,2020
2021-04-18,Atalanta,Juventus,1,0,H,18,15,3,8,3,2,0,0,2020
2021-04-18,Bologna,Spezia,4,1,H,15,12,4,8,1,1,0,0,2020
2021-04-18,Lazio,Benevento,5,3,H,14,11,5,4,2,3,0,0,2020
2021-04-18,Torino,AS Roma,3,1,H,13,13,11,3,2,2,0,1,2020
2021-04-18,Napoli,Internazionale,1,1,D,12,12,3,3,5,2,0,0,2020
2021-04-20,Hellas Verona,Fiorentina,1,2,A,16,20,5,3,2,3,0,0,2020
2021-04-21,AC Milan,Sassuolo,1,2,A,18,13,3,7,0,1,0,0,2020
2021-04-21,Bologna,Torino,1,1,D,25,15,3,7,4,2,0,0,2020
2021-04-21,Crotone,Sampdoria,0,1,A,13,7,2,6,1,1,0,0,2020
2021-04-21,Genoa,Benevento,2,2,D,14,18,3,0,2,0,0,0,2020
2021-04-21,Juventus,Parma,3,1,H,12,18,6,6,2,2,0,0,2020
2021-04-21,Spezia,Internazionale,1,1,D,9,7,0,8,2,0,0,0,2020
2021-04-21,Udinese,Cagliari,0,1,A,11,14,2,5,0,2,0,0,2020
2021-04-22,AS Roma,Atalanta,1,1,D,16,7,4,8,4,2,1,1,2020
2021-04-22,Napoli,Lazio,5,2,H,7,18,2,3,4,4,0,0,2020
2021-04-24,Genoa,Spezia,2,0,H,18,14,0,3,2,2,0,0,2020
2021-04-24,Parma,Crotone,3,4,A,15,11,7,5,3,2,0,0,2020
2021-04-24,Sassuolo,Sampdoria,1,0,H,15,10,8,3,0,0,0,0,2020
2021-04-25,Benevento,Udinese,2,4,A,18,20,11,2,2,2,0,0,2020
2021-04-25,Fiorentina,Juventus,1,1,D,13,16,7,2,3,1,0,0,2020
2021-04-25,Internazionale,Hellas Verona,1,0,H,7,13,3,8,0,3,0,0,2020
2021-04-25,Cagliari,AS Roma,3,2,H,14,17,4,10,3,1,0,0,2020
2021-04-25,Atalanta,Bologna,5,0,H,11,8,8,3,0,1,0,1,2020
2021-04-26,Torino,Napoli,0,2,A,16,15,8,11,3,1,1,0,2020
2021-04-26,Lazio,AC Milan,3,0,H,10,11,1,9,2,0,0,0,2020
2021-01-05,Hellas Verona,Spezia,1,1,D,27,16,5,5,6,2,0,0,2020
2021-01-05,Crotone,Internazionale,0,2,A,10,9,4,11,1,2,0,0,2020
2021-01-05,AC Milan,Benevento,2,0,H,16,8,6,7,2,0,0,0,2020
2021-02-05,Lazio,Genoa,4,3,H,13,12,7,4,3,4,0,0,2020
2021-02-05,Bologna,Fiorentina,3,3,D,16,12,3,5,2,2,0,0,2020
2021-02-05,Napoli,Cagliari,1,1,D,8,14,3,1,1,3,0,0,2020
2021-02-05,Sassuolo,Atalanta,1,1,D,18,12,4,4,6,1,1,1,2020
2021-02-05,Udinese,Juventus,1,2,A,14,18,2,6,3,0,0,0,2020
2021-02-05,Sampdoria,AS Roma,2,0,H,14,13,8,8,0,3,0,0,2020
2021-03-05,Torino,Parma,1,0,H,10,17,5,2,0,3,0,0,2020
2021-08-05,Spezia,Napoli,1,4,A,15,18,1,2,3,2,0,0,2020
2021-08-05,Udinese,Bologna,1,1,D,12,18,5,10,1,1,0,0,2020
2021-08-05,Internazionale,Sampdoria,5,1,H,10,14,2,8,0,2,0,0,2020
2021-08-05,Fiorentina,Lazio,2,0,H,12,14,5,7,4,8,0,1,2020
2021-09-05,Genoa,Sassuolo,1,2,A,17,15,8,2,2,0,0,0,2020
2021-09-05,Benevento,Cagliari,1,3,A,17,20,4,5,2,2,0,0,2020
2021-09-05,Parma,Atalanta,2,5,A,12,15,1,3,1,1,0,0,2020
2021-09-05,Hellas Verona,Torino,1,1,D,16,22,9,3,3,3,0,0,2020
2021-09-05,AS Roma,Crotone,5,0,H,10,11,8,4,2,0,0,0,2020
2021-09-05,Juventus,AC Milan,0,3,A,17,12,8,2,2,2,0,0,2020
2021-11-05,Napoli,Udinese,5,1,H,8,14,8,3,0,1,0,0,2020
2021-12-05,Cagliari,Fiorentina,0,0,D,18,10,3,1,1,2,0,0,2020
2021-12-05,Atalanta,Benevento,2,0,H,19,11,7,5,2,5,0,1,2020
2021-12-05,Bologna,Genoa,0,2,A,9,11,12,4,1,3,0,0,2020
2021-12-05,Internazionale,AS Roma,3,1,H,4,12,5,8,0,4,0,0,2020
2021-12-05,Lazio,Parma,1,0,H,13,14,7,2,1,3,0,0,2020
2021-12-05,Sampdoria,Spezia,2,2,D,9,17,5,5,2,2,0,0,2020
2021-12-05,Sassuolo,Juventus,1,3,A,10,12,3,5,1,2,0,0,2020
2021-12-05,Torino,AC Milan,0,7,A,13,15,2,3,2,1,0,0,2020
2021-05-13,Crotone,Hellas Verona,2,1,H,20,11,0,9,3,1,0,0,2020
2021-05-15,Genoa,Atalanta,3,4,A,13,8,2,4,1,2,0,0,2020
2021-05-15,Spezia,Torino,4,1,H,25,17,3,6,3,5,0,0,2020
2021-05-15,Juventus,Internazionale,3,2,H,10,18,4,3,5,5,1,1,2020
2021-05-15,AS Roma,Lazio,2,0,H,8,8,4,4,2,2,0,1,2020
2021-05-16,Fiorentina,Napoli,0,2,A,15,9,3,6,5,1,1,0,2020
2021-05-16,Benevento,Crotone,1,1,D,12,19,8,4,2,2,0,1,2020
2021-05-16,Udinese,Sampdoria,0,1,A,12,13,6,3,3,1,0,0,2020
2021-05-16,Parma,Sassuolo,1,3,A,13,13,2,12,1,0,0,0,2020
2021-05-16,AC Milan,Cagliari,0,0,D,8,8,9,7,2,2,0,0,2020
2021-05-17,Hellas Verona,Bologna,2,2,D,19,17,4,4,3,3,0,0,2020
2021-05-18,Lazio,Torino,0,0,D,11,13,4,0,4,0,0,0,2020
2021-05-22,Cagliari,Genoa,0,1,A,9,13,8,4,1,4,0,1,2020
2021-05-22,Crotone,Fiorentina,0,0,D,11,10,6,5,2,2,0,0,2020
2021-05-22,Sampdoria,Parma,3,0,H,10,12,2,4,1,1,0,0,2020
2021-05-23,Internazionale,Udinese,5,1,H,13,16,3,2,1,0,0,0,2020
2021-05-23,Atalanta,AC Milan,0,2,A,17,11,3,0,3,3,1,0,2020
2021-05-23,Bologna,Juventus,1,4,A,7,16,3,0,1,2,0,0,2020
2021-05-23,Napoli,Hellas Verona,1,1,D,13,25,5,3,3,4,0,0,2020
2021-05-23,Sassuolo,Lazio,2,0,H,11,15,3,3,2,1,1,0,2020
2021-05-23,Spezia,AS Roma,2,2,D,13,14,5,2,0,1,0,0,2020
2021-05-23,Torino,Benevento,1,1,D,17,10,8,3,0,2,0,0,2020
